name,anime_debut,manga_debut,affiliation,origin,aliases,height,bounty,dfname,dftype
A O,551,460,A O Pirates,,,,0,,
Baskerville,379,267,World Government (Enies Lobby),Grand Line,Three-Headed Baskerville,512,0,,
Andre,558,479,Whitebeard Pirates,,,,0,,
Aramaki,905,882,Marines,,Ryokugyu,,0,Mori Mori no Mi,Logia
Aremo Ganmi,707,636,Corrida Colosseum,,,,0,,
Anjo,1,,,East Blue,,,0,,
Antonio,497,391,Antonio's Graman,,,,0,,
Ankoro,606,525,Flying Pirates,,,,0,,
Aphelandra,514,408,Kuja,Calm Belt ,,,0,,
An Zengaiina,528,425,,Grand Line,,,0,,
Amazon,238,153,Wagomuland,Grand Line ,,120,0,,
Alvida,2,1,Cross Guild,East Blue,Iron Mace,198,5000000,Sube Sube no Mi,Paramecia
Alpacaman,934,929,Beasts Pirates,,,,0,,Zoan
Amadob,558,467,Ally of the Whitebeard Pirates,,,,0,,
Alpha,1100,,CP8,,,,0,,
Ally,658,583,,,,,0,,
Chocolat,598,517,Fake Straw Hat Crew,East Blue,,181,0,,
Caribou,600,519,Caribou Pirates,North Blue,Wet-Haired Caribou,228,210000000,Numa Numa no Mi,Logia
Hihimaru,910,892,Beasts Pirates (defected),,Raging Baboon of the Mountain,,0,,
Higuma,1,4,Higuma Bandits,East Blue,,190,0,,
Hidayu,926,918,Kozuki Family,,,,0,,
Hibari,1061,1090,Marines,,,,0,,
Hewitt,223,146,Bellamy Pirates,,,,0,,
House,1038,1067,Kid Pirates,,,,0,,
Humphrey,598,517,Sabaody Archipelago,,,,0,,
Hublot,552,461,Spade Pirates,,,,0,,
Kiku,515,409,Kuja,,,,0,,
Kiev,325,231,Franky Family,,,,0,,
Kibin,594,475,Marines,,,,0,,
Kibagaeru,306,208,Foxy Pirates,,,,0,,
Keith,809,759,Guardians,,,,0,,
Kotatsu,552,461,Spade Pirates,,,,0,,
Kelly Funk,704,633,Mogaro Kingdom,Grand Line ,,168,57000000,Jake Jake no Mi,Paramecia
Kikipatsu,925,917,Blackbeard Pirates,,,,0,,
Miss Saturday,155,91,Baroque Works,,Miss Saturday,,0,,
Minozebra,533,434,Impel Down,,,,0,,
Miss Friday,105,63,Baroque Works (former),Grand Line,,,0,,
Miss Mother's Day,155,91,Baroque Works,,Miss Mother's Day,,0,,
Misery,1039,1066,Big Mom Pirates,,,,0,,
Miss Father's Day,205,124,Baroque Works,,Miss Father's Day,,0,,
Miss Catherina,106,64,Baroque Works,East Blue,,,0,,
Miss Monday,107,64,Baroque Works (former),Grand Line,"Miss Monday, Sister",,0,,
Minotaurus,525,422,Impel Down,,,,0,,
Minoruba,498,392,Sabaody Archipelago,,,,0,,
Minorhinoceros,532,433,Impel Down,,,,0,,
Minatomo,909,892,,,,,0,,
Minokoala,531,432,Impel Down,,,,0,,
Minochihuahua,662,,Impel Down,,,,0,,
Minister of the Right,612,531,Ryugu Kingdom,Grand Line ,,313,0,,
Minister of the Left,612,531,Ryugu Kingdom,Grand Line ,,435,0,,
Mororon,905,882,,,,,0,,
Mornin,23,,,East Blue ,,,0,,
Morgans,860,828,World Economy News Paper,Grand Line,Big News,305,0,"Tori Tori no Mi, Model: Albatross",Zoan
Morgan,4,2,"Marines (153rd Branch) (former, defected)",,Axe-Hand Morgan,285,0,,
Moqueca,906,884,Levely,,,,0,,
Moon Isaac Jr.,966,969,Roger Pirates,,,,0,,
Motobaro,494,388,Rosy Life Riders,Grand Line ,,,0,,
Morley,904,880,Revolutionary Army (West Army),West Blue,Morley of Fur,1253,293000000,Oshi Oshi no Mi,Paramecia
Nangi,988,997,Beasts Pirates (Numbers),,,,0,,
Natto,164,100,Suna Suna Clan,,,,0,,
Napoleon,651,571,Big Mom Pirates,,Napoleon the Bicorne,,0,,
Nashi,906,884,Levely,,,,0,,
Namur,552,461,Whitebeard Pirates,Grand Line,,,0,,
Nami,8,1,Straw Hat Pirates,East Blue ,"Namizo,Cat Burglar",170,366000000,,
Nako,77,32,,East Blue ,,,0,,
Muret,223,146,Bellamy Pirates (former),,,,0,,
Pavlik,553,477,Whitebeard Pirates,,,,0,,
Pomp,1029,1054,Kid Pirates,,,,0,,
Peachbeard,904,880,Peachbeard Pirates,,,,52000000,,
Peepley Lulu,323,230,Galley-La Company,Grand Line ,,206,0,,
Pascia,501,394,,South Blue,,,0,,
Pearl,54,25,Krieg Pirates,East Blue,Pearl the Iron Wall,239,0,,
Paulie,323,230,Galley-La Company,Grand Line ,,195,0,,
Patty,44,21,Baratie,East Blue,,204,0,,
Saikoro,915,901,,,,,0,,
Robson,135,81,Drum Kingdom (former),,,,0,,
Saki,940,937,,,,,0,,
Sakazuki,397,278,Marines,North Blue,Akainu,306,0,Magu Magu no Mi,Logia
Sai,704,632,Happo Navy,West Blue ,Don Sai,242,210000000,,
Sadi,531,432,Impel Down,Grand Line,,183,0,,
Sabo,583,494,Revolutionary Army,East Blue ,"Lucy,Flame Emperor",187,602000000,Mera Mera no Mi,Logia
Saber,552,461,Spade Pirates,,,,0,,
Smooge,668,592,Caesar Clown,,"Rebar"" Smooge",,0,,
Sind,657,582,,,,,0,,
Sleepy,,,Ally of the Whitebeard Pirates,,,,0,,
Rocks Pirates,957,958,,,,,0,,
Skull,552,461,"Spade Pirates, Whitebeard Pirates",,,,0,,
Smiley,668,594,Caesar Clown,,,,0,"Sara Sara no Mi, Model: Axolotl",Zoan
Smoker,97,48,Marines,Grand Line,"Smoker the White Hunter,White Chase Smoker,Smoke Hunter",209,0,Moku Moku no Mi,Logia
Sicily,504,,Marines,South Blue,,,0,,
Silvers Rayleigh,19,8,Roger Pirates (former),,"Right Hand of the Pirate King,Dark King",188,0,,
Shyarly,610,529,Mermaid Cafe,Grand Line ,Madam Shyarly,520,0,,
Terracotta,213,128,Arabasta Kingdom,,,,0,,
Shu,426,309,Marines,,,,0,Sabi Sabi no Mi,Paramecia
Tabuhachiro,920,911,Kozuki Family,,,,0,,
T Bone,365,255,Marines,Grand Line,Ship Cutter,200,0,,
Shura,241,155,God's Army,Sky Islands ,Sky Rider,191,0,,
Sweet Pea,514,408,Kuja,Calm Belt ,,,0,,
Shoujou,226,147,Saruyama Alliance (Shoujou Pirates),South Blue,"Sonar King"" Shoujou",351,36000000,,
Uhho,743,677,,,,,0,,
Turco,598,517,Fake Straw Hat Crew,East Blue,,258,0,,
Tyrannosaurus,323,230,Iceburg,,,,0,,
Usagihebi,22,18,Animals of the Island of Rare Animals,,,,0,,
Ucy,706,639,Corrida Colosseum,,Brutal Bull,,0,,
Ubau,292,189,,Skypiea,,,0,,
Urban,1089,,Marines,,,,0,,
Urouge,498,392,Fallen Monk Pirates,Sky Island,Mad Monk,388,108000000,,
Yuki,129,78,,Grand Line,,,0,,
Yui,966,966,Roger Pirates,,,,0,,
Yu,98,48,,East Blue,,,0,,
Yotsubane,269,176,Shandia,,,,0,,
Yoshimoto,157,94,,,,,0,,
Yorki,103,63,Rumbar Pirates,,"Calico"" Yorki",,0,,
York,1065,1095,Marines (SSG)World Government,,,,0,,
Yosaku,42,20,Johnny,East Blue,,185,0,,
Zunesha,802,751,,Grand Line,,,0,,
Zucca,564,489,Ally of the Whitebeard Pirates,,,,0,,
Zotto,533,434,Marines G-1 Branch,,,,0,,
Zodia,553,462,Whitebeard Pirates,,,,0,,
Zepo,850,816,Nox Pirates,,,,0,,
Zeo,611,530,New Fish-Man Pirates,Grand Line ,Noble of the Fish-Man District,325,0,,
Zeff,43,20,Baratie,East Blue,Red-Leg Zeff,189,0,,
Zeus,827,786,Straw Hat Pirates,Grand Line,Zeus the Thundercloud,232,0,,
Zanki,991,1055,Beasts Pirates (Numbers),,,,0,,
Zadie,391,275,Ohara Archaeologists,,,,0,,
Zambai,324,230,Franky Family,Grand Line ,,227,0,,
Zabo,241,155,,,,,0,,
Zala,155,103,New Spiders Cafe,Grand Line,"Miss Doublefinger,Poison Spider Zala",187,35000000,Toge Toge no Mi,Paramecia
Yokan,915,902,,,,,0,,
Yarisugi,673,599,Marines,,,220,0,,
Yatappe,952,946,,,Snake-Eyes Yatappe,,0,,
Yazaemon,931,925,Beasts Pirates,Wano Country,,180,0,,
Yurikah,151,,Tulip Pirates,,,,0,,
Yomo,806,755,Mokomo Dukedom (Inuarashi Musketeer Squad),,Pastor Yomo,,0,,
Yokozuna,322,228,Tom's Workers (former),,,,0,,
Yasopp,1,4,Red Hair Pirates,East Blue ,Chaser,183,0,,
Yamon,,966,Roger Pirates,,,,0,,
Yamakaji,420,302,Marines,,,,0,,
Yama,254,167,Enel (former),Sky Islands ,,366,0,,
Yame,917,904,,,,,0,,
Yamato,971,972,Ninja-Pirate-Mink-Samurai Alliance (disbanded),,"Kozuki Oden,Oni Princess",263,0,"Inu Inu no Mi, Model: Okuchi no Makami",Zoan
X Drake,498,392,Marines,North Blue,"Dory,Red Flag",233,222000000,"Ryu Ryu no Mi, Model: Allosaurus",Zoan
Wyper,237,153,Shandia,Sky Islands ,Berserker,183,0,,
Woop Slap,1,4,Foosha Village,East Blue ,,,0,,
Wire,500,394,Kid Pirates,South Blue,,,0,,
Yamenahare,436,,Marumieta,,,,0,,
Wicca,705,635,Tontatta Tribe Scouting UnitStraw Hat Grand Fleet,,,,0,,
Waruno Furishiro,926,918,,,,,0,,
Wellington,763,702,,,,,10000000,,
Wheel,906,884,Levely,,,,0,,
Whitey Bay,556,462,Whitebeard Pirates,,Ice Witch,,0,,
Warashi,269,176,Shandia,,,,0,,
Wapol,131,79,Evil Black Drum Kingdom,Grand Line ,"Tin-Plate"" Wapol",207,0,Baku Baku no Mi,Paramecia
Who's-Who,977,954,Beasts Pirates (Tobiroppo),North Blue,Who of the Droplets,336,546000000,"Neko Neko no Mi, Model: Saber Tiger",Zoan
Wanyudo,1005,1021,Beasts Pirates,,,,0,,Zoan
Wany,804,753,Wanda,,,,0,,
Wanze,367,257,CP7,West Blue,Mad Wanze,173,0,,
Wallem,561,470,Ally of the Whitebeard Pirates,,,,0,,
Wanda,804,753,Mokomo Dukedom,Grand Line ,,181,0,,
Scientist,329,233,,,,,0,,
Wadatsumi,606,525,Sun Pirates,Grand Line ,Large Monk,,0,,
Wallace,552,461,Spade Pirates,,,,0,,
Wakasa,915,901,,,,,0,,
Vito,812,763,Fire Tank Pirates,West Blue,Monster Gun,242,95000000,,
Vitan,553,,Whitebeard Pirates,,,,0,,
Vista,552,0,Whitebeard Pirates (former),North Blue,Vista of the Flower Swords,328,0,,
Vinsmoke Yonji,825,783,Vinsmoke Family,North Blue ,Winch Green,194,0,,
Vinsmoke Sora,841,803,Vinsmoke Family,,,,0,,
Vinsmoke Judge,832,793,Vinsmoke Family,North Blue ,Garuda,272,0,,
Vinsmoke Ichiji,828,787,Vinsmoke Family,North Blue ,Sparking Red,186,0,,
Viola,703,632,Riku Family,Grand Line ,Violet,178,0,Giro Giro no Mi,Paramecia
Vinsmoke Niji,828,787,Vinsmoke Family,North Blue ,Dengeki Blue,185,0,,
Victoria Cindry,446,340,Thriller Bark Pirates,West Blue,,188,0,,
Very Good,426,309,Marines,,,,0,Beri Beri no Mi,Paramecia
Victoria Shiruton Doruyanaika,,,,,,,0,,
Vander Decken,606,525,Flying Dutchman,,,,0,,
Vinsmoke Reiju,826,784,Vinsmoke Family,North Blue ,Poison Pink,173,0,,
Uzuki Tempura,1024,1048,,,,,0,,
Van Augur,222,146,Blackbeard Pirates,East Blue,The Supersonic,340,0,Wapu Wapu no Mi,Paramecia
Vergo,671,597,Donquixote Pirates,North Blue,"Corazon,Demon Bamboo"" Vergo",247,0,,
Vegapunk,684,610,MADS (former),Grand Line ,"Stella,The Man With the Best Brain in the World",,0,Nomi Nomi no Mi,Paramecia
Vasco Shot,575,484,Blackbeard Pirates,South Blue,"Heavy Drinker"" Vasco Shot",573,0,Gabu Gabu no Mi,Paramecia
Vander Decken IX,606,525,Flying Pirates,Grand Line ,,352,0,Mato Mato no Mi,Paramecia
Uzu,658,583,,,,,0,,
Uwattsura,936,932,Beasts Pirates,,,,0,,
Uta,1055,1029,Red Hair Pirates (former),,,169,0,Uta Uta no Mi,Paramecia
Uni,810,757,Heart Pirates,,,,0,,
Ushiano,905,883,Revolutionary Army,,,,0,,
Unforgivable Mask,,,Easter egg,,,,0,,
Usakkov,537,438,Newkama Land (former),,,,0,,
Urashima,913,899,,,,,0,,
Unigaro,445,340,Thriller Bark Pirates,,,,0,,
Usopp,23,8,Straw Hat Pirates,East Blue ,"Sogeking,King of Snipers,God",176,500000000,,
Umit,860,828,Underworld,,Deep Ocean Current,,0,,
Ulti,977,982,Beasts Pirates (Tobiroppo),Grand Line,,173,400000000,"Ryu Ryu no Mi, Model: Pachycephalosaurus",Zoan
Ukkari,4,2,Marines (Marine 153rd Branch),East Blue,,,0,,
UK,1029,1054,Kid Pirates,,,,0,,
Uholisia,877,710,Niho Navy,,,,0,,
Ultraking,169,106,Rain Dinners,,,,0,,
Ukon,926,918,Kozuki Family,,,,0,,
Tsurujo,912,897,,,,191,0,,
Tsurue Monnosuke,933,928,,,,,0,,
Tsukimi,448,,Moon,,,,0,,
Tristan,795,739,Mokomo Dukedom,,,,0,,
Tritobu,906,884,Levely,,,,0,,
Tsunokkov,537,438,Newkama Land (former),,,,0,,
Tsunagoro,947,946,,,Broken Hat Tsunagoro,,0,,
Tsuru,234,151,Marines,North Blue,Great Staff Officer,204,0,Woshu Woshu no Mi,Paramecia
Trebol,700,629,Donquixote Pirates,North Blue,,349,0,Beta Beta no Mi,Paramecia
Trafalgar Lami,762,701,,,,,0,,
Toyama Tsujigiro,909,892,,,,,0,,
Toto,163,100,Koza,,,,0,,
Tsugaru Umi,909,892,Nico Robin,,,,0,,
Trafalgar D. Water Law,498,392,Heart Pirates,North Blue,Surgeon of Death,191,3000000000,Ope Ope no Mi,Paramecia
Tosa,1089,,Marines,,,,0,,
Tonjit,304,207,Nomads,Grand Line ,,118,0,,
Tomato Gang,179,,Easter Egg,,,,0,,
Tori,925,917,Blackbeard Pirates,,,,0,,
Topman Warcury,233,151,Five Elders,,,,0,,
Tony Tony Chopper,134,81,Straw Hat Pirates,Grand Line ,"Chopa-emon,Cotton Candy Lover",90,1000,Hito Hito no Mi,Zoan
Tom,352,248,Tom's Workers,Grand Line ,,296,0,,
Toko,927,920,"Kozuki Hiyori, Shimotsuki Family",,,89,0,,
Tokikake,907,887,Marines,,Chaton,,0,,
Togare,628,548,Neutral civilian,Grand Line ,,,0,,
Bonney Pirates,498,392,,,,,0,,
Tilestone,323,230,Galley-La Company,Grand Line ,,255,0,,
Thalassa Lucas,142,91,Ilisia Kingdom,,,,0,,
Tetsu,948,947,Ninja-Pirate-Mink-Samurai Alliance,,,,0,,
Tibany,543,419,Kamabakka Kingdom,,,,0,,
Tokijiro,929,922,,,,,0,,
Teru,,,,East Blue ,,,0,,
Thatch,440,325,Whitebeard Pirates,North Blue,,,0,,
Tera,,,,,,,0,,
Tensei,1054,1081,Marines,,Kurouma,,0,,
Tea IV,823,777,Levely,,,,0,,
Tate,234,151,Whitebeard Pirates,,,,0,,
Terry Gilteo,440,324,Revolutionary Army,,,,0,,
Terry,223,146,,,,,0,,
Tenjo-Sagari,980,986,Beasts Pirates,,,,0,,Zoan
Tashigi,96,48,Marines,East Blue,,170,0,,
Tegata Ringana,785,727,,,,,0,,
Tarara,713,,Tontatta Tribe,,,,0,,
Tansui,197,386,Macro Pirates,Grand Line ,,,0,,
Taroimo,523,418,Karakuri Island,,,,0,,
Tamanegi,23,9,Usopp Pirates (disbanded),East Blue ,,124,0,,
Taro,0,0,Roger Pirates,,,,0,,
Tararan,452,346,Thriller Bark Pirates,,,,0,,
Tamachibi,134,81,Stool Restaurant,Grand Line ,,,0,,
Take,75,33,Arlong Pirates,Grand Line ,,,0,,
Tamagon,325,231,Franky Family,,,,0,,
Takao,927,921,Komurasaki,,,,0,,
Tacos,905,882,,,,,0,,
Tank Lepanto,706,636,Riku Family,,,,0,,
Tamago,651,570,Big Mom Pirates,Grand Line,Baron Tamago,301,429000000,Tama Tama no Mi,Zoan
Tama,909,890,Oide,,,,0,,
Sunbell,0,0,Roger Pirates,,,,0,,
Sukoshiba Kanishitoru,536,437,,,,,0,,
Suke,927,919,Kyoshiro Family,,,,0,,
Surume,604,524,Straw Hat Pirates,North Blue ,,,0,,
Suleiman,704,632,Beautiful Pirates,South Blue,Suleiman the Beheader,240,67000000,,
Sugar,682,608,Donquixote Pirates,North Blue,,110,0,Hobi Hobi no Mi,Paramecia
Su,239,154,Skypiea,,,,0,,
Sugamichi and Warazane,931,925,Fujin and Raijin,,,,0,,
Stronger,223,146,Blackbeard Pirates,,,,0,"Uma Uma no Mi, Model: Pegasus",Zoan
Stroganoff,908,886,Levely,,,,0,,
Stussy,860,828,CP0 (undercover),Grand Line,Queen of the Pleasure District,179,0,,
Strawberry,420,302,Marines,,,,0,,
Streusen,858,827,Big Mom Pirates,Grand Line,Gourmet Knight,140,0,Kuku Kuku no Mi,Paramecia
Stevie,361,251,Water 7,,,,0,,
Stefan,,,Whitebeard Pirates,,,,0,,
Sterry,586,500,Goa Kingdom,East Blue ,,180,0,,
Stalker,524,421,Marines G-1 Branch,Grand Line,,,0,,
Spoil,448,343,Thriller Bark Victim's Association,,,,0,,
Splash and Splatter,610,529,,,,,0,,
Stainless,96,151,Marines,,,,0,,
Squard,551,460,Maelstrom Spider Pirates,Grand Line,Maelstrom Spider,228,210000000,,
Stealth Black,931,925,Germa 66 (fictional),,,,0,,
Stansen,500,394,New Giant Warrior Pirates,Grand Line,,,0,,
Sphinx,529,430,"World Government, Impel Down",,,,0,,
Cocoa Weed,134,81,,,,,0,,
Spencer,966,959,Roger Pirates,,,,0,,
Speed,917,904,Beasts Pirates (former),Wano Country,,298,0,,Zoan
Speed Jiru,553,461,Whitebeard Pirates,East Blue,,,0,,
Spector,223,146,,,,,0,,
Spartan,703,633,Corrida Colosseum,,,,0,,
Spandine,392,275,CP9 (former),Grand Line,,275,0,,
Spandam,355,249,CP0,Grand Line,,192,0,,
Spacey,433,,Automata,,,,0,,
Soro,3,2,Helmeppo,East Blue,,,0,,
Sora,825,783,,,,,0,,
Sora,608,527,Mermaid Cafe,Grand Line ,,,0,,
Sonieh,318,,Foxy Pirates,,,,0,,
Some,1031,1057,,,,,0,,
Solitaire,935,930,Beasts Pirates,,,,0,,Zoan
Sodom,366,256,Franky Family,,,,0,,
Snakeman,916,904,Beasts Pirates,,,,0,,Zoan
Shirahoshi,612,531,Neptune Family,Grand Line ,"Poseidon,Mermaid Princess",1187,0,,
Shioyaki,75,33,Arlong Pirates,Grand Line ,,,0,,
Shion,515,409,Kuja,,,,0,,
Shinosuke,955,956,Kozuki Family,,,,0,,
Shinobu,921,911,Kozuki Family,Grand Line ,"Bewitching Kunoichi,Shinobu the Man-Killer",180,0,Juku Juku no Mi,Paramecia
Shishilian,808,758,Mokomo Dukedom,Grand Line ,Full Power Shishilian,196,0,,
Shiryu,538,440,Blackbeard Pirates,Grand Line,Shiryu of the Rain,340,0,Suke Suke no Mi,Paramecia
Shine,214,128,Marines,,,,0,,
Shin Jaiya,785,727,,,,,0,,
Shimotsuki Ushimaru,953,954,,,,,0,,
Shimotsuki Kozaburo,1033,1060,Shimotsuki Family,,,,0,,
Shimotsuki Yasuie,929,916,,,"Tonoyasu,Yasu the Hedgehog",155,0,,
Shimotsuki Ryuma,448,342,Thriller Bark Pirates,Grand Line ,"Legendary Samurai,Sword God,Ryuma de King",179,0,,
Shimotsuki Koushirou,5,19,Shimotsuki Family,East Blue,,184,0,,
Shimotsuki Kuina,5,2,Shimotsuki Family,East Blue ,,150,0,,
Shimotsuki Furiko,,,,,,,0,,
Shin Detamaruka,785,727,,,,,0,,
Shiki,0,425,Golden Lion Pirates,,"Shiki the Golden Lion,The Flying Pirate",,0,Fuwa Fuwa no Mi,Paramecia
Shepherd Ju Peter,233,151,Five Elders,,,,0,,
Shelly,304,207,Nomads,,,,0,,
Shandia Chief,275,168,Shandia,Sky Islands ,,179,0,,
Sheepshead,795,739,Beasts Pirates,Grand Line,,293,0,,Zoan
Shanks,1,4,Red Hair Pirates,West Blue,Red-Haired Shanks,132,4048900000,,
Sharinguru,428,310,Marines,,,,0,Shari Shari no Mi,Paramecia
Shanba,524,419,Torino Kingdom,,,,0,,
Shalria,497,391,World Government,Red Line ,,178,0,,
Sham,31,13,Black Cat Pirates,East Blue,Nyaban Brothers,201,7000000,,
Shakuyaku,498,392,Shakky's Rip-off Bar,,Shakky,186,0,,
Shaka,1062,1091,Marines (SSG),,,,0,,
Shachi,498,392,Heart Pirates,North Blue,,,0,,
Serizawa,915,,,,,,0,,
Seto,287,187,Shandia,,,,0,,
Senor Pink,702,632,Donquixote Pirates,North Blue,,244,0,Sui Sui no Mi,Paramecia
Sennorikyuru,1053,1080,,,,,0,,
Sentomaru,497,401,Marines (former),Grand Line,,279,0,,
Seamars,440,,Space Pirates,,,,0,,
Scotch,595,513,Beasts Pirates,,Iron Boy,,0,,
Seagull Guns Nozdon,0,0,Roger Pirates (former),,,,0,,
Seaboar,191,,Sea Floor,,,,0,,
Seira,608,527,Mermaid Cafe,Grand Line ,,,0,,
Sengoku,234,151,Marines (semi-retired),South Blue,"Sengoku the Buddha,The Resourceful General",278,0,"Hito Hito no Mi, Model: Daibutsu",Zoan
Scratchmen Apoo,498,392,On Air Pirates,Grand Line,Roar of the Sea,256,350000000,Oto Oto no Mi,Paramecia
Yeti Cool Brothers,665,591,Caesar Clown,Grand Line,Killers of the Snowy Mountain,4250,20000000,,
Schollzo,325,231,Franky Family,,,,0,,
Scarlett,721,650,Riku Family,,,,0,,
Seki,908,884,Levely,,,,0,,
Sauce,906,884,Levely,,,,0,,
Scopper Gaban,19,0,Roger Pirates (former),,,,0,,
Sarutobi,931,925,Beasts Pirates,Wano Country,,378,0,,
Sarie Nantokanette,823,777,Goa Kingdom,,,,0,,
Saru,497,391,Rosward Family,,,,0,,
Sarahebi,919,909,Beasts Pirates,,,,0,Snake SMILE,Zoan
Satori,241,155,God's Army,Sky Islands ,Satori of the Forest,179,0,,
Sarfunkel,620,,Gaimon,,,,0,,
Sarquiss,222,146,Bellamy Pirates,North Blue,Big Knife Sarquiss,228,38000000,,
Sasaki,977,954,Beasts Pirates (Tobiroppo),Grand Line,Overflowing Sasaki,318,472000000,"Ryu Ryu no Mi, Model: Triceratops",Zoan
Sapi,98,51,,East Blue,,,0,,
Sandayu,928,921,Komurasaki,,,,0,,
Sancrin,557,456,Current Unknown,,,,0,,
Samurai Batts,117,70,,Grand Line,,,0,,
Sanjuan Wolf,575,484,Blackbeard Pirates,West Blue,Colossal Battleship,,0,Deka Deka no Mi,Paramecia
Sanji,43,20,Straw Hat Pirates,North Blue,"Mr. Prince,Black Leg",180,1032000000,,
Samosa,908,889,Levely,,,,0,,
Sam,94,43,Easter Egg,East Blue ,,,0,,
Salome,516,409,Kuja,,,,0,,
Saldeath,530,431,Impel Down,Grand Line,,218,0,,
S-Snake,1059,1087,Seraphim (Pacifista),,,,0,Mero Mero no Mi (Artificial),Paramecia
S-Shark,1065,1094,Seraphim (Pacifista),,,,0,Sui Sui no Mi (Artificial),Paramecia
S-Bear,1062,1092,Seraphim (Pacifista),,,,0,Nikyu Nikyu no Mi (Artificial),Paramecia
Ryunosuke,803,752,,,,,0,,
S-Hawk,1059,1087,Seraphim (Pacifista),,,,0,Supa Supa no Mi (Artifical),Paramecia
Ryuboshi,609,528,Neptune Family,Grand Line ,,544,0,,
Rush,558,,Ally of the Whitebeard Pirates,,,,0,,
Russian,775,715,,,,,0,,
Rowing,967,959,Roger Pirates,,,,0,,
Run,679,605,Caesar Clown,,Run the Machete,,0,,
Roxanne,46,,,East Blue,,,0,,
Roronoa Zoro,3,1,Straw Hat Pirates,East Blue,"Zoro-juurou,Pirate Hunter Zoro",181,1111000000,,
Rosward,497,391,World Government,Red Line ,,215,0,,
Roronoa Pinzoro,,,,,,,0,,
Ross,223,146,Bellamy Pirates,,,,0,,
Rolling Logan,706,652,Majiatsuka Kingdom,,,,0,,
Roshio,222,146,Roshio Pirates,,"Executioner"" Roshio",,0,,
Rokki,1036,1063,Beasts Pirates (Numbers),,,,0,,
Roronoa Arashi,,,,,,,0,,
Rokkaku,4,2,Marines (153rd Branch),East Blue,,,0,,
Roji,391,275,,,,,0,,
Roddy,805,754,Mokomo Dukedom,,,,0,,
Rockstar,234,151,Red Hair Pirates,,,,94000000,,
Rocks D. Xebec,957,958,Rocks Pirates,,,,0,,
Roche,391,275,Ohara Archaeologists,,,,0,,
Rob Lucci,323,230,CP0,Grand Line,Massacre Weapon,212,0,"Neko Neko no Mi, Model: Leopard",Zoan
Road,898,836,"Straw Hat Grand Fleet (New Giant Warrior Pirates), Buggy's Delivery (former)",,,,0,,
Rivers,223,146,Bellamy Pirates,,,,0,,
Risky Brothers,475,369,Rolling Pirates,,,,0,,
Ririka,4,2,,East Blue,,,0,,
Risky Brothers,451,344,Perona,,,,0,,
Ripper,7,3,"Marines, Marine 153rd Branch",East Blue,,,0,,
Rint,391,275,Ohara Archaeologists,,,,0,,
Reuder,550,459,,,,,0,,
Riku Doldo III,706,636,Riku Family,Grand Line ,"Ricky,King of Miracles",261,0,,
Rindo,516,410,Kuja,Calm Belt ,,,0,,
Rika,3,2,Marine 153rd Branch,East Blue,,,0,,
Reforte,556,465,Whitebeard Pirates,,,,0,,
Red King,1078,,Marines,,,,0,,
Recycle-Wan,1063,1092,Vegapunk,,,,0,,
Richie,9,6,Cross Guild,,,,0,,
Rangram,966,,Roger Pirates,,,,0,,
Ran,516,410,Kuja,Calm Belt ,,,0,,
Rampo,711,641,Tontatta Kingdom,,,,0,,
Ratel,1073,,Marines,,,,0,,
Reck,1038,1065,Kid Pirates,,,,0,,
Randolph,827,786,Big Mom Pirates,,Crane Rider,,0,,
Rebecca,704,633,Dressrosa,Grand Line ,The Undefeated Woman,171,0,,
Ramen,823,777,Happo Navy,,,,0,,
Ramba,551,460,Subordinate of the Whitebeard Pirates,,,,0,,
Rakuyo,553,461,Whitebeard Pirates,South Blue,,,0,,
Rakuda,929,922,,,,,0,,
Raccoon,,,His crew,,Pretended Sleep,,75000000,,
Raizo,817,768,Kozuki Family,Grand Line ,Raizo of the Mist,311,0,Maki Maki no Mi,Paramecia
Raideen,866,836,Giant Warrior Pirates (former),,,,0,,
Raki,249,163,Shandia,Sky Islands ,,179,0,,
Rabiyan,827,786,Big Mom Pirates,,,,0,,
Raijin,931,925,Beasts Pirates,Wano Country,,200,0,,
Rabbitman,916,904,Beasts Pirates,,,,0,SMILE,Zoan
Quincy,1039,1066,Kid Pirates,,,,0,,
Queen Mama Chanter,730,662,,,,,0,,
Pythagoras,1065,1095,Marines (SSG),,,,0,,
Pururu,1079,,Bourgeois Pirates,,"Trembling"" Pururu",,0,,
Puppu,155,92,Pirate crew,,,,0,,
Pudos,924,916,,,,,0,,
Pudding Pudding,75,34,"Marines, Marine 77th Branch",East Blue,,,0,,
Queen,920,910,Beasts Pirates,Grand Line,Queen the Plague,612,1320000000,"Ryu Ryu no Mi, Model: Brachiosaurus",Zoan
Pacifista,505,399,Marines,,,,0,,
Prometheus,827,786,Big Mom Pirates,Grand Line,Prometheus the Sun,239,0,,
Potsun,217,130,,,,,0,,
Potaufeu,908,889,Levely,,,,0,,
Pound,831,792,Charlotte Family,Grand Line ,,731,0,,
Prince Grus,966,1090,Marines (SWORD),,,,0,Gunyo Gunyo no Mi,Unknown
Poro,14,8,Orange Town,East Blue ,,,0,,
Portgas D. Ace,154,91,Whitebeard Pirates,South Blue ,"Fire Fist"" Ace",103,0,Mera Mera no Mi,Logia
Portgas D. Rouge,550,0,Gol D. Roger,,,,0,,
Porchemy,583,494,Bluejam Pirates,East Blue ,,320,3400000,,
Poppy,515,409,Kuja,Calm Belt ,,,0,,
Porche,305,207,Foxy Pirates,,,,0,,
Poppoko,2,1,Alvida Pirates,East Blue,,,0,,
Poker,997,982,"Beasts Pirates, Tama",,,,0,,Zoan
Pluming,1083,,World Government,,,,0,,
Pisaro,72,32,Arlong Pirates,Grand Line ,,,0,,
Pinky,8,4,,East Blue,Monstrous Bird,,0,,
Pike,652,572,Marines,,,,0,,
Pomsky,1089,,Marines,,,,0,,
Petermoo,966,959,Roger Pirates,,,,0,,
Peppoko,2,1,Alvida Pirates,East Blue,,,0,,
Pierre,237,153,Gan Fall,,,,0,Uma Uma no Mi,Zoan
Peterman,499,393,Hound Pets,,,,0,,
Piiman,23,9,Usopp Pirates (disbanded),East Blue ,,120,0,,
Pickles,309,210,Foxy Pirates,,Tackle Machine,,0,,
Perona,443,338,Dracule Mihawk,West Blue,Ghost Princess,160,0,Horo Horo no Mi,Paramecia
Pica,700,629,Donquixote Pirates,North Blue,,470,0,Ishi Ishi no Mi,Paramecia
Pekkori,524,421,Harahettania,,,,0,,
Pellini,711,641,Tontatta KingdomTontatta PiratesStraw Hat Grand Fleet,,,,0,,
Pell,155,91,Arabasta Kingdom,Grand Line ,Pell the Falcon,189,0,"Tori Tori no Mi, Model: Falcon",Zoan
Penguin,498,392,Heart Pirates,North Blue,,,0,,
Pekoms,651,570,Big Mom Pirates,,Nazoms,232,330000000,Kame Kame no Mi,Zoan
Pappag,195,385,Criminal brand,Grand Line ,,50,0,,
Pedro,805,754,Mokomo Dukedom,Grand Line ,Pedro of the Treetops,233,0,,
Pansy,515,409,Kuja,Calm Belt ,,,0,,
Papaneel,621,540,,Grand Line ,,,0,,
Papas,1039,1066,Kid Pirates,,,,0,,
Pankuta Dakeyan,525,422,,Grand Line,,,0,,
Pandawoman,517,409,Easter egg,Calm Belt ,,,0,,
Pandora,867,837,Carmel,,,,0,,
Palms,553,470,His own crew,,,,0,,
Pagaya,239,154,,Grand Line ,,179,0,,
Outlook III,585,496,Goa Kingdom (High Town),,,,0,,
Page One,929,923,Beasts Pirates (Tobiroppo),Grand Line,,171,290000000,"Ryu Ryu no Mi, Model: Spinosaurus",Zoan
Pandaman,44,16,,Tibet,,200,3333333,,
Oran,391,275,,,,,0,,
Orlumbus,704,632,Yonta Maria Grand Fleet,Grand Line ,Massacre Ruler,480,148000000,,
Ossamondo,552,461,Spade Pirates,,,,0,,
Omasa,952,946,,,Blood Letter Omasa,,0,,
Oliva,,,Whitebeard Pirates (former),,,,0,,
Otohime,621,539,Neptune Family,Grand Line ,Incarnation of Love,224,0,,
Onimaru,936,932,Shimotsuki Family (Shimotsuki Ushimaru),,"Gyukimaru,Gyukimaru on Oihagi Bridge",428,0,"Hito Hito no Mi, Model: Onyudo",Zoan
Onigumo,420,302,Marines,,,,0,,
Oli,1076,,Red Hair Pirates,,,,0,,
Okome,224,146,Hokahoka Pirates,,,,0,,
Oimo,377,265,World Government (defected),Grand Line ,,1600,0,,
Okame,163,100,Suna Suna Clan (former),,,,0,,
Oide,909,890,,,,,0,,
Octopako,203,531,,Grand Line ,,,0,,
Ohm,241,155,God's Army (former),Sky Islands ,Skybreeder,189,0,,
Ochoku,957,958,Rocks Pirates (former),,,,0,,
Nyasha,842,806,,,,,0,,
Nure-Onna,998,1013,Beasts Pirates,,,,0,,Zoan
Nugire Yainu,37,10,Black Cat Pirates,East Blue,,,0,,
Oars,456,350,Thriller Bark Pirates,North Blue,"Devil,Oars the Continent-Puller",,0,,
Noriko,940,937,,,,,0,,
Nubon,711,641,Tontatta Kingdom,,,,0,,
Nora Gitsune,598,518,Fake Straw Hat Crew,East Blue,,103,0,,
Nosgarl,579,,Ally of the Whitebeard Pirates,,,,0,,
Nola,255,168,Shandia,,Master of the Sky,,0,,
Nokotti,936,932,Beasts Pirates,,,,0,,
Nojiko,70,31,,East Blue,,170,0,,
Noble Croc,831,791,Big Mom Pirates,,,,0,,
Nitro,651,571,Big Mom Pirates,,,,0,,
Ninth,558,,Ally of the Whitebeard Pirates,,,,0,,
Ninjin,23,9,Usopp Pirates (disbanded),East Blue ,,127,0,,
Nika,1018,1040,,,Sun God Nika,,0,,
Nigeratta,398,278,N/A,,,,0,,
Nico Robin,114,67,Straw Hat Pirates,West Blue,"Miss All Sunday,Devil Child,Light of the Revolution",188,930000000,Hana Hana no Mi,Paramecia
Nezumi,69,31,Marines,East Blue,,182,0,,
Nerona Imu,1085,,World Government (First Twenty),,,,0,,
Nero,367,257,CP9 (former),West Blue,Nero the Sea Weasel,202,0,,
Nerine,514,408,Kuja,Calm Belt ,,,0,,
Nico Olvia,392,275,Ohara Archaeologists,West Blue ,,186,0,,
Neptune,611,530,Neptune Family,Grand Line ,"God of the Sea,Great Knight of the Sea",1220,0,,
Nekomamushi,809,756,Mokomo Dukedom,Grand Line ,Master Nekomamushi,522,0,,
Negikuma Maria,133,80,,Grand Line ,,,0,,
Neggy,906,884,Levely,,,,0,,
Nefertari Titi,215,129,Arabasta Kingdom,,,,0,,
Nazu Ketagari,,,Marines,,,,0,,
Nefertari D. Lili,1084,,Arabasta Kingdom,Grand Line ,,,0,,
Nefertari Cobra,142,91,Arabasta Kingdom,Grand Line ,,182,0,,
Mummy Mee,79,35,World Government Orphanage,East Blue ,,,0,,
Mummy,706,652,,,,,0,,
Mukkashimi Tower,707,637,,,,,0,,
Muchana,536,437,Impel Down,,,,0,,
Mugren,966,966,Roger Pirates,,,,0,,
Nefertari Vivi,103,62,Arabasta Kingdom (Nefertari Family),Grand Line ,Miss Wednesday,169,0,,
Mr. Shimizu,107,64,Baroque Works,Grand Line,,,0,,
Sapoten Graveyard,107,64,,,,,0,,
Mr. Momora,966,966,Roger Pirates,,,,0,,
Mr. Love,206,125,Baroque Works (Billions),,,,0,,
Mr. Mellow,159,95,Baroque Works (Billions),,,,0,,
Mr. Beans,106,64,Baroque Works,Grand Line,,,0,,
Mr. 10,155,91,Baroque Works,,Mr. 10,,0,,
Mr. 13,105,63,Baroque Works (former),Grand Line,,,0,,
Mr. 12,155,91,Baroque Works,,Mr. 12,,0,,
Mr. 11,128,79,Baroque Works,Grand Line,Mr. 11,,0,,
Mr. 7,205,124,Baroque Works,,Mr. 7,,0,,
Mr. 9,103,62,Baroque Works (former),Grand Line,Mr. 9,,0,,
Mr. 7,190,116,Baroque Works,,Mr. 7,,0,,
Mozambia,234,151,Marines,,,,0,,
Mouseman,915,901,Beasts Pirates,,,,0,,Zoan
Mountain Ricky,313,217,Foxy Pirates,,,,0,,
Mountain God,960,960,Kozuki Family,,,,0,,
Moyle,272,178,Divine Squad,,,,0,,
Mousse,287,187,Shandia,,,,0,,
Moodie,43,20,,East Blue,,,0,,
Mr. 6,155,91,Baroque Works,,Mr. 6,,0,,
Mont Blanc Cricket,227,148,Saruyama Alliance,North Blue,,242,25000000,,
Monster,1,489,Red Hair Pirates,East Blue,,,0,,
Mounblutain,598,517,Fake Straw Hat Crew,East Blue,,294,0,,
Motzel,43,20,,East Blue,,,0,,
Mont Blanc Noland,286,187,Lvneel,North Blue,Liar Noland,220,0,,
Mosh,1038,1065,Kid Pirates,,,,0,,
Monkey D. Luffy,1,1,Straw Hat Pirates,East Blue ,"Lucy,Straw Hat Luffy",174,3000000000,"Gomu Gomu no Mi(Hito Hito no Mi, Model: Nika)",Zoan)
Monjii,807,756,Mokomo Dukedom,,,,0,,
Monkey D. Garp,92,68,Marines (semi-retired),East Blue ,"Garp the Fist,Hero of the Marines,Demon/Devil",287,0,,
Monda,306,209,Foxy Pirates,,,,0,,
Monjiro,926,918,Kozuki Family,,,,0,,
Momoo,73,31,Arlong Pirates (former),Grand Line,Momoo the Sea Cow,,0,,
Monet,657,581,Caesar Clown (espionage),North Blue,,227,0,Yuki Yuki no Mi,Logia
Monkey D. Dragon,100,52,Revolutionary Army,East Blue ,Rebellious Dragon,256,0,,
Momonga,420,302,Marines G-1 Branch,Grand Line,,251,0,,
Mohji,9,6,Cross Guild,East Blue,"Beast Tamer,Beast Breaker",197,0,,
Moda,278,381,Revolutionary Army,,,,0,,
Mochi,274,180,Angel Island,,,,0,,
Mocha,657,582,,Grand Line ,,692,0,,
MocDonald,445,340,Thriller Bark Pirates,,,,0,,
Moai,1040,,Kid Pirates,,,,0,,
Mizuta Madaisuki,487,379,Rumbar Pirates,,,,0,,
Mizuta Mawaritosuki,488,379,Rumbar Pirates,,,,0,,
Mizuira,391,275,Ohara,,,,0,,
Mizerka,978,982,,,,,0,,Zoan
Miyagi,807,756,Mokomo Dukedom,,,,0,,
Miss Tuesday,155,91,Baroque Works,,Miss Tuesday,,0,,
Miss Thursday,155,91,Baroque Works,,Miss Thursday,,0,,
Milo,717,647,,,Onepoco,,0,,
Milky,807,757,Mokomo Dukedom,,,,0,,
Minatomo,,51,Easter egg,,,,0,,
Mikio Itoo,1,,,East Blue,,,0,,
Millet Pine,966,959,Roger Pirates,,,,0,,
Mihar,552,461,"Spade Pirates, Whitebeard Pirates",,Indoor Mihar,,0,,
Mikita,110,65,New Spiders Cafe,West Blue,"Miss Valentine,Courier",177,7500000,Kiro Kiro no Mi,Paramecia
Mikazuki,323,230,Big Helmet Pirates,,,,36000000,,
Merry,24,11,Kaya,East Blue ,,,0,,
Mero,608,527,Mermaid Cafe,Grand Line ,,,0,,
Megalo,605,525,Ryugu Kingdom,,,,0,,
Mecha-Shark,1061,1089,Vegapunk,,,,0,,
Meadows,706,659,Corrida Colosseum,,,,0,,
McKinley,241,155,White Berets,,,,0,,
MAX Marx,966,967,Roger Pirates,,,,0,,
McGuy,551,460,Subordinate of the Whitebeard Pirates,,Thunder Lord,,0,,
Mayushika,269,176,Shandia,,,,0,,
Master of the Waters,319,227,None,,,,0,,
Maynard,705,634,Marines,,"Capman,Maynard the Pursuer",,0,,
Maujii,755,692,Tontatta Kingdom,,,,0,,
Matryo Princesses,905,882,,,,,0,,
Matsuge,162,93,"Super Spot-Billed Duck Troops, Straw Hat Pirates (temporary)",Grand Line ,,190,0,,
Master,233,145,,,,,0,,
Massui,911,893,Beasts Pirates,,,,0,,
Mash,204,,Sea Floor,,,,0,,
Marumieta,436,,,,,,0,,
Masked Deuce,552,461,Spade Pirates,,,,0,,
Masira,219,144,Saruyama Alliance (Masira Pirates),North Blue,"Salvage King"" Masira",345,23000000,,
Mario,701,630,,,,,0,,
Marin,500,394,,Grand Line ,,,0,,
Marie,499,393,Saint Charlos,Grand Line,,,0,,
Mari,906,884,Levely,,,,0,,
Marguerite,514,408,Kuja,Calm Belt ,,178,0,,
Marilyn,300,193,Neutral civilian,,,,0,,
Marshall D. Teach,223,146,Blackbeard Pirates,Grand Line,Blackbeard,344,3996000000,Yami Yami no Mi,Logia
Maria Napole,649,569,Fish-Man Island,Grand Line ,,,0,,
Marianne,117,70,New Spiders Cafe,North Blue,"Miss Goldenweek,Flag-Bearer of Freedom",145,29000000,,
Margarita,483,375,Neutral civilian,,,,0,,
Mashikaku,98,48,Marines,East Blue,,,0,,
Marcus Mars,233,151,Five Elders,,,,0,,
Marco,234,151,Whitebeard Pirates (former),Grand Line,Marco the Phoenix,203,1374000000,"Tori Tori no Mi, Model: Phoenix",Zoan
Mansherry,717,647,Tontatta Kingdom,Grand Line ,,20,0,Chiyu Chiyu no Mi,Paramecia
Manjaro,598,518,Fake Straw Hat Crew,East Blue,,202,0,,
Manboshi,609,528,Neptune Family,Grand Line ,,473,0,,
Mani,223,146,Bellamy Pirates,,,,0,,
Makino,1,4,Partys Bar,East Blue ,,166,0,,
Maki,925,917,Blackbeard Pirates,,,,0,,
Maha,929,922,CP0,,,,0,,
Magra,582,493,Dadan Family,East Blue,,,0,,
Madilloman,939,935,Beasts Pirates,,,,0,,Zoan
Makko,216,,Marines,,,,0,,
Maidy,215,129,Nefertari Family,,,,0,,
Magellan,528,425,Impel Down,Grand Line,,491,0,Doku Doku no Mi,Paramecia
Macro,437,,Automata,,,,0,,
Lulis,608,527,Mermaid Cafe,Grand Line ,,,0,,
Lu Feld,860,828,Lu Feld Conglomerate,,God of Fortune,,0,,
Macro,197,386,Macro Pirates,Grand Line ,,,0,,
Machvise,682,608,Donquixote Pirates,North Blue,,440,0,Ton Ton no Mi,Paramecia
Lucky Roux,1,4,Red Hair Pirates,South Blue,,241,0,,
Lonz,550,459,"Marines, Giant Squad",,,,0,,
Lord of the Coast,1,4,,East Blue,,,0,,
Lola,451,345,Thriller Bark Pirates,,,,0,,
Loki,858,827,,,,,0,,
Little Oars Jr.,554,463,Little Pirates,Grand Line,,,550000000,,
Lip Doughty,600,519,Fake Straw Hat Crew,,"Lip ""Service"" Doughty",,0,,
Lionbuta,22,18,Animals of the Island of Rare Animals,,,,0,,
Lindbergh,904,880,Revolutionary Army (South Army),,,149,316000000,,
Lines,44,21,,East Blue,,,0,,
Leonero,552,461,Spade Pirates,,,,0,,
Linaria,1079,,Night Butterfly Pirates,,Igniting Linaria,,0,,
Limejuice,1,4,Red Hair Pirates,,,,0,,
Lily,223,146,Bellamy Pirates,,,,0,,
Lilith,1061,1090,Marines (SSG),,,,0,,
Lemoncheese,906,884,Levely,,,,0,,
Brag Men,115,70,,,,,0,,
Leo,710,640,Tontatta Kingdom,Grand Line ,Warrior,23,0,Nui Nui no Mi,Paramecia
Lady Tree,873,844,,,,,0,,
Lacuba,501,394,N/A,Grand Line,,,17000000,,
Lassoo,160,103,New Spiders Cafe,,,,0,"Inu Inu no Mi, Model: Dachshund",Zoan
Laskey,392,276,CP9 (former),,,,0,,
Lao G,682,608,Donquixote Pirates,North Blue,,157,0,,
Laffitte,234,151,Blackbeard Pirates,West Blue,Demon Sheriff,340,0,,
Lacroix,550,459,"Marines, Giant Squad",,,,0,,
Laboon,102,62,Rumbar Pirates (former),West Blue,,,0,,
Kyukyu,334,237,,,,,0,,
Kyuji,302,381,Marines,,,,0,,
Kyuin,755,692,Donquixote Pirates (former),,,,0,,
Kurozumi Tama,911,893,Kurozumi Family,,,108,0,Kibi Kibi no Mi,Paramecia
Kyros,702,631,Corrida Colosseum (former),Grand Line ,"Thunder Soldier of Rage,, ""The Invincible Gladiator",298,0,,
Kuzan,303,225,Blackbeard Pirates,South Blue,Aokiji,298,0,Hie Hie no Mi,Logia
Kurozumi Semimaru,965,965,Wano Country (Kurozumi Family),,,,0,Bari Bari no Mi,Paramecia
Kurozumi Orochi,927,921,Wano Country (Kurozumi Family),Grand Line ,,350,0,"Hebi Hebi no Mi, Model: Yamata no Orochi",Zoan
Kurozumi Kanjuro,700,629,Kurozumi Family,,"Evening Shower,Ghost of Kibi",347,0,Fude Fude no Mi,Paramecia
Kurotsuru,276,,,,,,0,,
Kuroobi,69,31,Arlong Pirates,Grand Line ,,252,9000000,,
Kuromarimo,131,79,"Bliking Pirates (disbanded), Drum Kingdom (former)",Grand Line ,,186,0,,
Kurozumi Higurashi,965,965,Wano Country (Kurozumi Family),,,,0,Mane Mane no Mi,Paramecia
Kurosawa,920,911,Kozuki Family,,,,0,,
Kurokoma,960,,Kurokoma Family‎,,,,0,,
Kunyun,1020,1042,Beasts Pirates (Numbers),,,,0,,
Kuni,927,919,Kyoshiro Family,,,,0,,
Kumashi,449,343,Thriller Bark Pirates (Perona),,,,0,,
Kuro,23,9,Black Cat Pirates,East Blue,"Klahadore,Kuro of a Hundred Plans",207,16000000,,
Kumagoro,929,922,,,,,0,,
Kureha,134,80,Sakura Kingdom,Grand Line ,"Doctorine,Witch,Master of Doctors",188,0,,
Kumadori Yamanbako,,,Kumadori,,,,0,,
Kumae,,,,,,,0,,
Kukai,552,461,Spade Pirates,,,,0,,
Kujaku,966,1090,Marines (SWORD),,,,0,Muchi Muchi no Mi,Paramecia
Kumadori,375,264,CP0,South Blue,,338,0,,
Krieg,45,21,Krieg Pirates,East Blue,"Don Krieg,Pirate Fleet Admiral,Ruler of the East Blue,Foul Play Krieg",243,17000000,,
Kozuki Toki,919,893,Kozuki Family,,,190,0,Toki Toki no Mi,Paramecia
Koze and Packy,96,48,Yes Pirates,East Blue,,,0,,
Kozuki Sukiyaki,911,894,Kozuki Family,,Tenguyama Hitetsu,214,0,,
Kozuki Oden,920,910,Kozuki Family,Grand Line ,Idiot Lord,382,0,,
Kozuki Hiyori,909,892,Kozuki Family,Grand Line ,Komurasaki,170,0,,
Koza,163,93,Arabasta Kingdom,Grand Line ,,177,0,,
Kotetsu,912,897,,,,,0,,
Kop,325,231,Franky Family,,,,0,,
Koyama,960,960,Kozuki Family,,,,0,,
Konbu,657,582,,,,,0,,
Kozuki Momonosuke,684,609,Kozuki Family,Grand Line ,,110,0,"Uo Uo no Mi, Model: Seiryu (Artificial)",Zoan
Kong,0,0,World Government,,,,0,,
Komane,903,879,Lulusia Kingdom,,,,0,,
Komachiyo,910,892,Kurozumi Tama,,,,0,,
Koito,930,923,,,,,0,,
Komakkov,,,Marines,,"Winter Cuisine"" Komakkov",,0,,
Kojuro,926,918,Kozuki Family,,,,0,,
Koda,285,381,Marines,,,,0,,
Kokoro,322,229,Tom's Workers,Grand Line ,,168,0,,
Koby,2,1,"Marines (SWORD), Marine 153rd Branch (former)",East Blue,Hero,167,0,,
Mozu and Kiwi,329,233,Franky Family,Grand Line ,Square Sisters,187,0,,
Koala,622,541,Revolutionary Army,,,160,0,,
Kitton,523,418,,,,,0,,
Kobe,929,922,,,,,0,,
Kirinkodanuki,22,18,Animals of the Island of Rare Animals,,,,0,,
Kisegawa,929,922,,,,,0,,
Kirintauros,658,582,Caesar Clown,,,,0,,
Kinoko,536,437,Buggy Pirates,,,,0,,
Kingdew,562,461,Whitebeard Pirates,Grand Line,,,0,,
Kingbaum,836,797,Big Mom Pirates,Grand Line ,,2340,0,,
Kinga,570,467,Whitebeard Pirates,,,,0,,
Kinderella,261,778,Evil Black Drum Kingdom,,Miss Universe,,0,,
Kinbo,917,904,,,,,0,,
Kin'emon,656,580,Kozuki Family,Grand Line ,Foxfire Kin'emon,295,0,Fuku Fuku no Mi,Paramecia
King,920,910,Beasts Pirates,Grand Line,King the Conflagration,613,1390000000,"Ryu Ryu no Mi, Model: Pteranodon",Zoan
Kimel,552,461,Spade Pirates,,,,0,,
Kechatch,553,,Whitebeard Pirates,,,,0,,
Kebi,164,100,Arabasta Kingdom,,,,0,,
Killer,498,392,Kid Pirates,South Blue,"Kamazo the Manslayer,Massacre Soldier",195,200000000,,
Kikunojo,913,899,Kozuki Family,Grand Line ,"O-Kiku,Kikunojo of the Lingering Snow",287,0,,
Kaya,23,9,,East Blue ,,169,0,,
Kikyo,514,408,Kuja,Calm Belt ,,,0,,
Kazekage,931,925,Beasts Pirates,Wano Country,,192,0,,
Katsuzo,960,960,,,,,0,,
Kazenbo,1030,1055,Kurozumi Family,,,,0,,
Kashigami,287,187,Shandia,,God of the Sun,,0,,
Kawamatsu,920,910,Kozuki Family,,"Gyukimaru,Kawamatsu the Kappa",271,0,,
Kashii,377,265,"World Government (defected), Giant Warrior Pirates",Grand Line ,,1700,0,,
Kasagoba,607,527,New Fish-Man Pirates,Grand Line ,,,0,,
Kasa,594,511,Raijin Island,,,,0,,
Karma,553,467,Takotopus Pirates,,,,0,,
Karoo,109,65,"Super Spot-Billed Duck Troops, Nefertari Vivi, Straw Hat Pirates (former), Baroque Works (former)",Grand Line ,,150,0,,
Karasu,593,510,Revolutionary Army (North Army),North Blue,,265,400000000,Susu Susu no Mi,Logia
Kappa,167,105,,,,,0,,
Kaneshiro,72,31,Arlong Pirates,Grand Line ,,,0,,
Kanezenny,398,278,,,,,0,,
Kamijiro,914,901,Beasts Pirates,,,,0,,
Kamakiri,249,163,Shandia,Sky Islands ,,214,0,,
Kamekichi,926,918,,,,,0,,
Kakukaku,334,237,,,,,0,,
Kaku,927,919,Kyoshiro Family,,,,0,,
Kalgara,286,187,Shandia,Grand Line,Shandora's Demon,222,0,,
Kalifa,323,230,CP0,Grand Line,,185,0,Awa Awa no Mi,Paramecia
Kakunoshin,926,918,Kozuki Family,,,,0,,
Kaku,323,230,CP0,East Blue,Mountain Wind,193,0,"Ushi Ushi no Mi, Model: Giraffe",Zoan
Kairo Kureyo,535,437,,,,,0,,
Kairen,608,527,Mermaid Cafe,Grand Line ,,,0,,
Kagikko,64,,Krieg Pirates,East Blue,,,0,,
Kadar,622,541,"Marines, G-2",,,,0,,
Kabu,710,640,Tontatta Kingdom,,,,0,"Mushi Mushi no Mi, Model: Kabutomushi",Zoan
Kairiken,498,392,Sabaody Archipelago,,,,0,,
Kagero,920,909,Kozuki Family,,,,0,,
Junan,611,530,Criminal,Grand Line ,,,0,,
Kaidou,795,736,Beasts Pirates,Grand Line,Kaidou of the Beasts,710,4611100000,"Uo Uo no Mi, Model: Seiryu",Zoan
Jujiro,926,918,Kozuki Family,,,,0,,
Judy,499,393,Marie,Grand Line,,,0,,
Julius,578,489,Ally of the Whitebeard Pirates,,,,0,,
Joy Boy,628,548,,,,,0,,
Juki,977,982,Beasts Pirates (Numbers),,,,0,,
Jorul,866,836,Giant Warrior Pirates,Grand Line ,"Waterfall Beard"" Jorul",2150,0,,
Jozu,234,151,Whitebeard Pirates,West Blue,"Diamond"" Jozu",503,0,Kira Kira no Mi,Paramecia
Joseph,705,635,CP0,,,,0,,
Jorge,353,248,World Government,,,,0,,
John Giant,96,45,Marines,,,,0,,
Joshu,1065,1095,Edison,,,,0,,
John,450,344,Rocks Pirates (former),,Captain John,,0,,
Jobo,232,150,,,,,0,,
Johnny,42,19,Yosaku,East Blue,,186,0,,
Jizo,951,951,Beasts Pirates,,,,0,,
Jo,948,947,Ninja-Pirate-Mink-Samurai Alliance,,,,0,,
Jigoro,452,346,Thriller Bark Pirates,West Blue,Jigoro of the Wind,238,0,,
Jigra,860,830,Underworld,,,,0,,
Jigoku Benten,931,925,Beasts Pirates,Wano Country,,225,0,,
Jinbe,528,430,Straw Hat Pirates,Grand Line ,"Knight of the Sea"" Jinbe",301,1100000000,,
Jibuemon,920,911,Kozuki Family,,,,0,,
Jiron,1082,,Revolutionary Army,,,,0,,
Mock Town,222,146,,,,,0,,
Jeet,704,633,Ideo Pirates,,,,0,,
Jerry,362,253,CP6,South Blue ,,676,0,,
Jewelry Bonney,498,392,Bonney Pirates,Red Line ,"Conney,Big Eater",174,320000000,Toshi Toshi no Mi,Paramecia
Jesus Burgess,222,146,Blackbeard Pirates,Grand Line,"Mr. Store,Champion",355,0,Riki Riki no Mi,Paramecia
Jeep,906,884,Levely,,,,0,,
Jero,680,606,Marines,,,,0,,
Jean Goen,526,423,,Grand Line,,,0,,
Jean Ango,706,639,,,Jean the Bandit,,0,,
Jean Bart,497,391,Heart Pirates,,,,0,,
Jarul,866,836,Giant Warrior Pirates,Grand Line ,"Mountain Beard"" Jarul",2050,0,,
Jaygarcia Saturn,233,151,Five Elders,,,,0,,
Jaki,954,955,Beasts Pirates (Numbers),,,,0,,
Jaguar,1039,1067,Kid Pirates,,,,0,,
Jango,25,9,Marines,East Blue,"One-Two"" Jango,Jango the Turncoat",207,0,,
Jalmack,588,502,World Government,,,,0,,
Jacksonbanner,967,968,Roger Pirates,,,,0,,
Jaguar D. Saul,392,275,Marines (defected),South Blue,,1950,0,,
Zombie,444,339,,,,,0,,
Iyan'eno Chinode,1074,,World Economy News Paper,,,,0,,
Iwatobi,823,777,Levely,,,,0,,
Jabra,375,264,CP0,North Blue,,212,0,"Inu Inu no Mi, Model: Wolf",Zoan
Izou,553,461,Whitebeard Pirates (former),Grand Line ,,192,0,,
Jack,801,746,Beasts Pirates,Grand Line,Jack the Drought,830,1000000000,"Zou Zou no Mi, Model: Mammoth",Zoan
Itomimizu,306,209,Foxy Pirates,,,,0,,
Isuka,,,,,Nailing,,0,,
Islewan,553,462,Whitebeard Pirates,,,,0,,
Island Eater,128,77,,Grand Line,,,0,,
Issho,701,630,Marines,Grand Line,Fujitora,270,0,Zushi Zushi no Mi,Paramecia
Ipponume,97,49,Loguetown Arms Shop,East Blue,,,0,,
Ishilly,608,527,Mermaid Café,Grand Line ,,,0,,
Isa,256,168,Shandia,,,,0,,
Ipponmatsu,97,49,Loguetown Arms Shop,East Blue ,,157,0,,
Inuppe,451,345,Thriller Bark,,,,0,,
Inukai,932,926,,,,,0,,
Ishigo Shitemanna,325,231,,,,,0,,
Inuarashi,808,756,Mokomo Dukedom,Grand Line ,Duke Inuarashi,511,0,,
Inoichibannosuke,917,904,,,,,0,,
Inhel,718,648,Tontatta Kingdom Scouting Unit,,,,0,,
Ikkaku,915,902,,,,,0,,
Indigo,0,429,Golden Lion Pirates,,,,0,,
Inbi,954,955,Beasts Pirates (Numbers),,,,0,,
Inazuma,536,438,Kamabakka Kingdom,South Blue,,228,0,Choki Choki no Mi,Paramecia
Ikkaku,810,757,Heart Pirates,,,,0,,
Imu,906,885,World Government,,,,0,,
Ideaman,55,25,Krieg Pirates,East Blue,,,0,,
Ikaros Much,611,530,New Fish-Man Pirates,Grand Line ,,499,0,,
Ibiributsu,926,919,Beasts Pirates,,,,0,,
Igaram,106,64,Arabasta,Grand Line ,"Mr. 8""（ミスター・エイト）,Igarappoi",218,0,,
Ibusu,738,671,Doerena Kingdom,,,,0,,
Ideo,706,633,Ideo Pirates,Grand Line,Destruction Cannon,225,0,,
Medaka Mermaid Quintuplets,608,527,Neutral,Grand Line ,,,0,,
Iceburg,323,230,Galley-La Company,Grand Line ,,199,0,,
Hyoutauros,658,582,Caesar Clown,,,,0,,
Hustle,60,,Krieg Pirates,East Blue,,,0,,
Hound,1078,,Marines,,,,0,,
Hototogisu,766,705,Marines,,,,0,,
Hyouzou,607,527,New Fish-Man Pirates,Grand Line ,,327,0,,
Hyogoro,926,919,,,"Grandpa Hyo,Hyogoro of the Flower",100,0,,
Hop,1040,,Kid Pirates,,,,0,,
Honner,287,187,,Lvneel Kingdom,,,0,,
Hotei,951,951,Beasts Pirates,,,,0,,
Hongo,1,489,Red Hair Pirates,,,,0,,
Home,921,912,Mt. Atama Thieves,,,,0,,
Hotori and Kotori,261,171,God's Army,Sky Islands ,,179,0,,
Hocker,12,6,Chouchou,East Blue ,,,0,,
Hogback,446,340,Thriller Bark Pirates (Mysterious Four),West Blue,Doctor Hogback,223,0,,
Hody Jones,608,527,New Fish-Man Pirates,Grand Line ,,331,0,,
Ho,213,128,Nefertari Family,,,,0,,
Holy,241,155,God's Army,,,,0,,
Michael and Hoichael,432,313,Auntie,,,,0,,
Holed'em,915,901,Beasts Pirates,Wano Country,,312,0,,Zoan
Hiriluk,141,85,,Grand Line ,,213,0,,
Hocha,391,275,Ohara Archaeologists,,,,0,,
Hitsugisukan,963,968,Mokomo Dukedom,,,,0,,
Hip,1038,1065,Kid Pirates,,,,0,,
Hiroshi,915,901,,,,,0,,
Hinokizu,1056,1083,,,,,0,,
Hiramera,608,527,Mermaid Café,Grand Line ,,,0,,
Hippo Gentleman,451,345,Thriller Bark Pirates,,,,0,,
Heracles,524,420,,South Blue,,214,0,,
Hildon,444,339,Thriller Bark Pirates,,,,0,,
Hera,703,633,Corrida Colosseum,,,,0,,
Hina,171,127,Marines (Black Cage Corps),West Blue,Black Cage Hina,181,0,Ori Ori no Mi,Paramecia
Hera,1011,1028,Big Mom Pirates,,,,0,,
Helmeppo,3,2,Marines (Headquarters,,,179,0,,
Heat,500,394,Kid Pirates,South Blue,,,0,,
Hoe,611,530,King Neptune,,,,0,,
Hattori,323,230,CP0,,,,0,,
Haritsu Kendiyo,594,511,,,,,0,,
Haruta,553,461,Whitebeard Pirates,South Blue,,,0,,
Hasami,176,110,Ukkari Hot-Spring Island,,,,0,,
Heppoko,2,1,Alvida Pirates,East Blue,,,0,,
Happa Yamao,341,241,,,,,0,,
Hara,919,909,,,,,0,,
Hanzo,931,925,Beasts Pirates,Wano Country,,544,0,,
Hatchan,69,31,Takoyaki 8,,Six-Sword Style Hachi,220,8000000,,
Hatcha,981,987,Beasts Pirates (Numbers),Punk Hazard,,6680,0,,
Hannyabal,525,422,Impel Down,South Blue,,309,0,,
Hanji,949,947,Ninja-Pirate-Mink-Samurai Alliance,,,,0,,
Hanji,929,922,,,,,0,,
Haredas,523,418,,Sky Islands ,,253,0,,
Happygun,578,487,Whitebeard Pirates,,,,0,,
Harisenbon,617,555,New Fish-Man Pirates,Grand Line ,,,0,,
Hangan,556,465,Ally of the Whitebeard Pirates,,,,0,,
Herb,287,187,Shandia,,,,0,,
Hanger,97,48,Robecca Hanberg,East Blue,,,0,,
Hana,971,973,,,,,0,,
Han,940,937,,,,,0,,
Ham Burger,823,777,,,,,0,,
Hammond,607,526,New Fish-Man Pirates,Grand Line ,,,0,,
Hack,706,633,Revolutionary Army,Grand Line ,Hundredth Dan Hack,280,0,,
Hajrudin,706,639,"New Giant Warrior Pirates, Buggy's Delivery (resigned)",Grand Line ,,2200,0,,
Hakowan,245,778,Wapol,,,,0,,
Hakugan,810,757,Heart Pirates,,,,0,,
Gyogyo,498,392,Bonney Pirates,South Blue,,,0,,
Gyoru,1,45,,East Blue ,,,0,,
Guillotine,1078,,Marines,,,,0,,
Gyro,611,530,"Gyro Pirates, New Fish-Man Pirates (ruse, former)",,Crab-Hand Gyro,,73000000,,
Hamburg,305,207,Foxy Pirates,,Four-Footed Dash Freak,,0,,
Hamlet,994,982,Beasts Pirates,,,,0,,Zoan
Hack,391,275,Ohara Archaeologists,,,,0,,
Gyaro,197,386,Macro Pirates,Grand Line ,,,0,,
Great Michael,563,,Ally of the Whitebeard Pirates,,,,0,,
Grabar,717,647,Tontatta Kingdom,,,,0,,
Guernica,705,635,CP0,,,,0,,
Goro,316,,Ukkari Hot-Spring Island,,,,0,,
Gram,391,275,Ohara Archaeologists,,,,0,,
Gorishiro,978,982,Beasts Pirates,,,,0,,
Gorilla,596,514,Marines,,,,0,,
Gotti,825,783,Fire Tank Pirates,West Blue,,375,90000000,,
Goo,483,375,Pirate crew,,,,0,,
Gonbe,322,229,Chimney,,,,0,,
Goldfish Princess,189,,Goldfish Empire,,,,0,,
Gomorrah,366,256,Franky Family,,,,0,,
Gorobe,924,916,,,,,0,,
Goldberg,899,836,New Giant Warrior Pirates,,,,0,,
Gode,256,169,God's Army,,Sage,,0,,
Goki,954,955,Beasts Pirates (Numbers),,,,0,,
Gloriosa,514,408,KujaRocks Pirates (former),Calm Belt ,Elder Nyon,,0,,
Glove,427,309,Marines,,,,0,,
Going Merry,41,17,Straw Hat Pirates,,,1100,0,,
Gol D. Roger,1,1,Roger Pirates,East Blue ,"Gold Roger,Pirate King",274,0,,
Gladius,682,608,Donquixote Pirates,North Blue,,260,0,Pamu Pamu no Mi,Paramecia
Gismonda,705,635,CP0,,,,0,,
Giovanni,809,758,Mokomo Dukedom,Grand Line ,,226,0,,
Gion,907,887,Marines,,Momousagi,,0,,
Giro Chintaro,909,892,,,,,0,,
Ginrummy,795,739,Beasts Pirates,,,,0,,Zoan
Giolla,682,608,Donquixote Pirates,North Blue,,221,0,Ato Ato no Mi,Paramecia
Gina,318,215,Foxy Pirates,,,,0,,
Gimlet,775,715,,,,,0,,
Ginny,1095,,Revolutionary Army (East Army),,,,0,,
Gig,1024,1067,Kid Pirates,,,,0,,
Ginnosuke,919,909,,,,,0,,
Ginko,682,608,Punk Hazard,,,,0,,
Gin,44,21,Krieg Pirates,East Blue,"Gin the ""Man-Demon"" (鬼人のギン, Kijin no Gin, 4Kids: ""Diablo,Funimation: ""Cold-Hearted Demon"")",186,12000000,,
Gerotini,1079,,Puddle Pirates,,"Ball Fingers"" Gerotini",,0,,
Gerd,866,836,New Giant Warrior Pirates,Grand Line ,,1700,0,,
George Mach,313,217,Foxy Pirates,,,,0,,
Genzo,71,32,Cocoyasi Village,East Blue ,,173,0,,
Genrin,940,937,,,,,0,,
Impel Down,525,422,World Government,,,,0,,
Giberson,860,828,Underworld,,The Concealer,,0,,
Gazelleman,914,900,Beasts Pirates,,,,0,,Zoan
Gatz,702,631,Corrida Colosseum,,,,0,,
Genbo,249,163,Shandia,Sky Islands ,,193,0,,
Gem,110,65,New Spiders Cafe,South Blue,"Mr. 5,Gem of the Border",197,10000000,Bomu Bomu no Mi,Paramecia
Gecko Moria,449,343,Thriller Bark Pirates (Mysterious Four),West Blue,,692,320000000,Kage Kage no Mi,Paramecia
Gedatsu,241,155,Ukkari Hot-Spring Island,Sky Islands ,Sky Boss,220,0,,
Gatherine,379,266,World Government,,,,0,,
Ganryu,966,968,Roger Pirates,,,,0,,
Gancho,711,641,Tontatta Kingdom,,,,0,,
Ganryu,552,461,Spade Pirates,,,,0,,
Gan Fall,237,153,Skypiea,Grand Line ,Knight of the Sky,180,0,,
Gambo,905,883,Revolutionary Army,,,,0,,
Gama Pyonnosuke,909,892,,,,,0,,
Gambia,705,634,Barto Club,,The Missionary,,67000000,,
Gally,902,48,Gally Pirates,,Crescent-Moon Gally,,3450000,,
Galaxy,437,,Automata,,,,0,,
Galdino,117,70,Cross Guild,South Blue,"Mr. 3,Loan Shark",179,24000000,Doru Doru no Mi,Paramecia
Gal,680,606,Marines,,,,0,,
Belly,1,4,,,,,0,,
Gab,580,489,Red Hair Pirates,,"Howling"" Gab",,0,,
Fuza,241,155,God's Army,,,,0,,
Gaimon,22,18,,East Blue,,130,0,,
Fukurokuju,931,925,Kurozumi Family,Wano Country,,221,0,,
Gaburu,702,921,Unknown rebel group,,Revolution's Child,,0,,
Furrari,906,884,Levely,,,,0,,
Funkfreed,365,254,"CP0, CP9 (former)",,,,0,Zou Zou no Mi,Zoan
Fukumi,,,,,,,0,,
Fukurou,375,264,CP0,Grand Line,Fukurou the Silent,331,0,,
Fukaboshi,609,528,Neptune Family,Grand Line ,,604,0,,
Fullbody,43,20,Marines,North Blue,Double Ironfist Fullbody,184,0,,
Fugetsu Omusubi,1024,1048,,,,,0,,
Fugar,1079,,Social Club,,"Memorial Blade"" Fugar",,0,,
Fujin,931,925,Beasts Pirates,Wano Country,,200,0,,
Fuga,991,1055,Beasts Pirates (Numbers),,,,0,,Zoan
Franky,329,233,Straw Hat Pirates,South Blue,"Fra-nosuke,Iron Man"" Franky",240,394000000,,
Francois,537,438,Newkama Land (former),,,,0,,
Fourtricks,994,982,Beasts Pirates,,,,0,,Zoan
Forest Boss,333,,Ukkari Hot-Spring Island,,,,0,,
Foxy,305,207,Foxy Pirates,South Blue,Silver Fox,180,24000000,Noro Noro no Mi,Paramecia
Fossa,553,461,Whitebeard Pirates,North Blue,,,0,,
Forliewbs,566,,Whitebeard Pirates,,,,0,,
Fisher Tiger,521,415,Sun Pirates,Grand Line ,The Adventurer,520,0,,
Finamore,552,461,Spade Pirates,,,,0,,
Fen Bock,668,593,Caesar Clown,,Fen Bock of the Gourd,,0,,
Figarland Garling,1086,,World Government (God's Knights),,,,0,,
Flare,,,Gérard,,,,0,,
Flapper,711,641,Tontatta Kingdom,,,,0,,
Fishbonen,594,511,Marines,,,,0,,
Fillonce,608,527,Mermaid Café,Grand Line ,,,0,,
Farafra,167,105,Arabasta,,,,0,,
Faust,508,490,Hawkins Pirates,North Blue,,,0,,
Erio,967,959,Roger Pirates,,,,0,,
Farul,722,634,Beautiful PiratesStraw Hat Grand Fleet,,,,0,,
Eustass Kid,498,392,Kid Pirates Ninja-Pirate-Mink-Samurai Alliance,South Blue,Captain,205,3000000000,Jiki Jiki no Mi,Paramecia
Ethanbaron V. Nusjuro,233,151,Five Elders,,,,0,,
Époni,841,804,Germa Kingdom,,,,0,,
Erik,167,105,Suna Suna Clan (former),,,,0,,
Esta,717,647,,,,,0,,
Enishida,517,411,Kuja,Calm Belt ,,,0,,
Epoida,553,467,Whitebeard Pirates,,,,0,,
Enel,254,167,God's Army (former),Sky Islands ,God Enel,266,0,Goro Goro no Mi,Logia
Elmy,551,460,Subordinate of the Whitebeard Pirates,,,,0,,
Emporio Ivankov,537,438,Revolutionary Army,Grand Line ,"Okama King,Miracle Person",449,0,Horu Horu no Mi,Paramecia
Emma,1071,,Kid Pirates,,,,0,,
Eikon,711,641,Tontatta Tribe,,,,0,,
Eggplant Soldier,849,802,Big Mom Pirates,,,,0,,
Elizabello II,704,632,Prodence Kingdom,Grand Line ,The Fighting King,436,0,,
Egana,483,375,,,,,0,,
Eddy,223,146,Bellamy Pirates,,,,0,,
Duval,491,386,Rosy Life Riders,Grand Line,Iron Mask Duval,470,0,,
Edward Weevil,802,751,Seven Warlords of the Sea (former),Grand Line,Whitebeard Jr.,680,0,,
Edward Newgate,159,95,Whitebeard Pirates,Grand Line,"Whitebeard,The Strongest Man in the World",666,0,Gura Gura no Mi,Paramecia
Edison,1065,1095,Marines (SSG),,,,0,,
Drug Peclo,860,828,Underworld,,Major Undertaker,,0,,
Ducky Bree,552,461,Spade Pirates,,,,0,,
Drip,598,518,Fake Straw Hat Crew,East Blue,,208,0,,
Eiri,866,836,,,,,0,,
Drophy,160,103,New Spiders Cafe,Grand Line,"Miss Merry Christmas,Town-Collapser"" Drophy",156,14000000,Mogu Mogu no Mi,Zoan
Dotaku,926,918,Kozuki Family,,,,0,,
Dragon Number Thirteen,655,579,,,,,0,,
Dosun,611,530,New Fish-Man Pirates,Grand Line ,,418,0,,
Dorry,116,71,Giant Warrior Pirates,Grand Line ,Dorry the Blue Ogre,2260,100000000,,
Draw,,,Marines,,,,0,,
Donquixote Mjosgard,625,545,World Government (Donquixote Family),,,,0,,
Doran,657,583,,,,,0,,
Doringo,0,0,Roger Pirates,,,,0,,
Donquino,966,959,Roger Pirates,,,,0,,
Donquixote Rosinante,761,686,Marines,Red Line ,Corazon,293,0,Nagi Nagi no Mi,Paramecia
Donquixote Homing,760,699,World Government (Former),,,,0,,
Dracule Mihawk,49,23,Cross Guild,,Hawk Eyes Mihawk,198,3590000000,,
Donovan,318,,Foxy Pirates,,,,0,,
Donquixote Doflamingo,233,151,Donquixote Pirates,Red Line ,"Joker,Heavenly Yaksha",305,0,Ito Ito no Mi,Paramecia
Donannoyo,926,919,Beasts Pirates,,,,0,,
Doma,551,460,Subordinate of the Whitebeard Pirates,,Bohemian Knight,,0,,
Doha Ittanka II,529,430,,,,,0,,
Domo-kun and Nnke-kun,9,,,,,,0,,
Domino,526,422,Impel Down,Grand Line,,,0,,
Doll,1061,1090,Marines,,,,0,,
Dogya,552,461,Spade Pirates,,,,0,,
Dogra,582,493,Dadan Family,East Blue,,,0,,
Dobby Ibadonbo,531,432,,,,,0,,
Doberman,420,302,Marines,,,,0,,
Dobon,926,919,Beasts Pirates,,,,0,,Zoan
Doc Q,223,146,Blackbeard Pirates,North Blue,Death God,342,0,Shiku Shiku no Mi,Paramecia
Dive,1024,1080,Kid Pirates,,,,0,,
Disco,500,394,Donquixote Doflamingo (former),Grand Line,Walking Super Bazaar,,0,,
Dirt Boss,326,,Ukkari Hot-Spring Island,,,,0,,
Diez Barrels,765,704,Barrels Pirates,,,,0,,
Disc J,1040,1079,Kid Pirates,,,,0,,
Devil Dias,497,391,Acumate Pirates,,,,0,,
Diesel,827,786,Big Mom Pirates,,,,0,,
Didit,585,496,Goa Kingdom,,,,0,,
Den,616,534,,Grand Line ,,435,0,,
Denjiro,919,909,Kozuki Family,Grand Line ,"Kyoshiro,Dozing Kyoshiro",306,0,,
Demaro Black,598,517,Fake Straw Hat Crew,East Blue,"Three-Tongued"" Demaro Black",245,0,,
Diamante,700,629,Donquixote Pirates,North Blue,,525,0,Hira Hira no Mi,Paramecia
Delacuaji,551,460,Subordinate of the Whitebeard Pirates,,,,0,,
Decalvan Brothers,551,460,Subordinates of the Whitebeard Pirates,,,,0,,
Dellinger,702,632,Donquixote Pirates,North Blue,,145,0,,
Daruma,611,530,New Fish-Man Pirates,Grand Line ,,122,0,,
Daz Bonez,160,103,Cross Guild,West Blue,"Mr. 1,The Killer",212,75000000,Supa Supa no Mi,Paramecia
Damask,706,652,,,,,0,,
Daisy,516,410,Kuja,Calm Belt ,,,0,,
Daikon,732,664,Tontatta KingdomScouting UnitStraw Hat Grand Fleet,,,,0,,
Daikoku,931,925,Beasts Pirates,Wano Country,,436,0,,
Dalmatian,553,462,Marines,,,,0,,
Daigin,531,432,Marines,West Blue,,,0,,
Dalton,132,79,Sakura Kingdom,Grand Line ,,218,0,"Ushi Ushi no Mi, Model: Bison",Zoan
Daidalos,630,550,,Grand Line ,,,0,,
Daddy Dee,79,35,World Government Orphanage,East Blue ,,,0,,
Dachoman,940,937,Beasts Pirates,,,,0,,Zoan
Daifugo,934,928,Beasts Pirates,,,,0,,Zoan
D.R.,,,Cyrano,,,,0,,
Cyrano,,,D.R.,,,,0,,
Dagama,704,632,Prodence Kingdom,,,,0,,
Curly Dadan,440,324,Dadan Family,East Blue,,221,7800000,,
Couran,906,884,Levely,,,,0,,
Cosmos,516,410,Kuja,Calm Belt ,,,0,,
Crocus,102,62,"Roger Pirates (former), Laboon",Grand Line,,203,0,,
Crocodile,126,76,Cross Guild,Grand Line,"Mr. 0,Sir Crocodile",253,1965000000,Suna Suna no Mi,Logia
Curiel,552,461,Whitebeard Pirates,Grand Line,,,0,,
Cotton,718,648,Tontatta Kingdom Scouting Unit,,,,0,,
Cosmo,437,,Automata,,,,0,,
Cosette,839,800,Germa Kingdom,,,,0,,
Cornelia,552,461,Spade Pirates,,,,0,,
Conney,1099,,,,,,0,,
Compo,1040,1066,Kid Pirates,,,,0,,
Corgi,328,233,World Government,,,,0,,
Conis,239,154,Pumpkin Cafe,Grand Line ,,176,0,,
Comil,289,421,Marines,,,,0,,
Concelot,809,758,Mokomo Dukedom,Grand Line ,,204,0,,
Coribou,600,519,Caribou Pirates,North Blue,"Blood-Splatterer"" Coribou",250,190000000,,
Columbus,906,,Yonta Maria Grand Fleet,,,,0,,
Colscon,574,,Whitebeard Pirates,,,,0,,
Cocox,22,18,Animals of the Island of Rare Animals,East Blue ,,,0,,
Clapp,1095,,,South Blue ,,,0,,
Cocoa,598,518,Fake Straw Hat Crew,East Blue,,138,0,,
Coburn,288,187,Shandia,Jaya,,,0,,
Clover,391,275,Ohara Scholars,West Blue ,,172,0,,
Clione,810,757,Heart Pirates,,,,0,,
Chuji,1034,1061,,,,,0,,
Chuchun,306,209,Foxy Pirates,,,,0,,
Chouchou,12,6,Hocker,East Blue ,,40,0,,
Chome,931,925,Beasts Pirates,Wano Country,,150,0,,
Choi,555,464,Ally of the Whitebeard Pirates,,,,0,,
Choco Police,827,786,Cacao Island,,,,0,,
Chocho,921,912,,,,,0,,
Cho,952,946,,,Moonflower O-Cho,,0,,
Chiya,287,187,Shandia,Jaya,,,0,,
Chihaya,919,909,,,,,0,,
Chimney,322,229,Kokoro,Grand Line ,,115,0,,
Chicory,738,672,Tontatta Tribe,,,,0,,
Chicken,1,505,,East Blue ,,,0,,
Chichilisia,879,,,,,,0,,
Chew,69,31,Arlong Pirates,Grand Line ,,257,5500000,,
Chinjao,704,632,Chinjao Family,West Blue ,"Don Chinjao,Chinjao the Drill",520,542000000,,
Chessmarimo,147,87,"Bliking Pirates, Drum Kingdom",,,,0,,
Chesskippa,398,278,,,Chesskippa the Hanger-on,,0,,
Chess,131,78,"Bliking Pirates (disbanded), Drum Kingdom (former)",Grand Line ,,194,0,,
Charlotte Wafers,845,809,Charlotte Family,,,,0,,
Charlotte Wiro,845,809,Charlotte Family,,,,0,,
Charlotte Tablet,862,832,Charlotte Family,,,,0,,
Charlotte Zuccotto,862,832,Charlotte Family,,,,0,,
Charlotte Yuen,894,869,Charlotte Family,,,,0,,
Charlotte Saint-Marc,862,832,Charlotte Family,,,,0,,
Charlotte Smoothie,846,812,Charlotte Family,Grand Line ,,464,932000000,Shibo Shibo no Mi,Paramecia
Charlotte Snack,894,798,Charlotte Family,,,,600000000,,
Charlotte Raisin,845,809,Charlotte Family,,,,0,,
Charlotte Pudding,651,571,Charlotte Family,Grand Line ,,166,0,Memo Memo no Mi,Paramecia
Charlotte Prim,896,871,Charlotte Family,Grand Line ,,,0,,
Charlotte Praline,830,790,Sun Pirates,Grand Line ,,800,0,,
Charlotte Poire,860,830,Charlotte Family,,,,0,,
Charlotte Perospero,834,795,Charlotte Family,Grand Line ,,333,700000000,Pero Pero no Mi,Paramecia
Charlotte Panna,897,,Charlotte Family,,,,0,,
Charlotte Normande,845,809,Charlotte Family,,,,0,,
Charlotte Oven,861,827,Charlotte Family,Grand Line ,,492,300000000,Netsu Netsu no Mi,Paramecia
Charlotte Opera,829,789,Charlotte Family,,,,0,Kuri Kuri no Mi,Paramecia
Charlotte Nusstorte,854,822,Charlotte Family,,,,0,,
Charlotte Nougat,894,869,Charlotte Family,,,,0,,
Charlotte Noisette,862,832,Charlotte Family,,,,0,,
Charlotte Mozart,862,831,Charlotte Family,,,,0,,
Charlotte Myukuru,845,809,Charlotte Family,,,,0,,
Charlotte Moscato,829,788,Charlotte Family,,,,0,,
Charlotte Montb,897,873,Charlotte Family,,,,0,,
Charlotte Mont-d'Or,829,789,Charlotte Family,Grand Line ,Scribe,260,120000000,Buku Buku no Mi,Paramecia
Charlotte Mondée,854,822,Charlotte Family,,,,0,,
Charlotte Mobile,862,832,Charlotte Family,,,,0,,
Charlotte Mash,865,831,Charlotte Family,,,,0,,
Charlotte Melise,854,,Charlotte Family,,,,0,,
Charlotte Marnier,861,834,Charlotte Family,,,,0,,
Charlotte Marble,894,869,Charlotte Family,,,,0,,
Charlotte Mascarpone,845,809,Charlotte Family,,,,0,,
Charlotte Laurin,864,834,Charlotte Family,,,,0,,
Charlotte Kanten,862,839,Charlotte Family,,,,0,,
Charlotte Linlin,651,571,Big Mom Pirates,Grand Line,"O-Lin,Big Mom",880,4388000000,Soru Soru no Mi,Paramecia
Charlotte Joscarpone,845,809,Charlotte Family,,,,0,,
Charlotte Kato,854,822,Charlotte Family,,,,0,,
Charlotte Maple,897,,Charlotte Family,,,,0,,
Charlotte Katakuri,860,825,Charlotte Family,Grand Line ,,509,1057000000,Mochi Mochi no Mi,Paramecia
Charlotte Lola,476,370,Rolling Pirates,Grand Line ,Marriage Proposal Lola,215,24000000,,
Charlotte Gala,,,Charlotte Family,,,,0,,
Charlotte Hachée,871,,Charlotte Family,,,,0,,
Charlotte Joconde,894,869,Charlotte Family,,,,0,,
Charlotte Galette,829,789,Charlotte Family,,,,0,Bata Bata no Mi,Paramecia
Charlotte Effilée,864,831,Charlotte Family,,,,0,,
Charlotte High-Fat,862,832,Charlotte Family,,,,0,,
Charlotte Flampe,891,865,Charlotte Family,Grand Line ,,170,0,,
Charlotte Dosmarche,861,832,Charlotte Family,,,,0,,
Charlotte De-Chat,845,809,Charlotte Family,,,,0,,
Charlotte Dolce and Dragée,845,809,Charlotte Family,,,,0,,
Charlotte Daifuku,861,826,Charlotte Family,Grand Line ,,489,300000000,Hoya Hoya no Mi,Paramecia
Charlotte Compote,860,830,Charlotte Family,,,,0,,
Charlotte Dacquoise,854,822,Charlotte Family,,,,0,,
Charlotte Custard,862,831,Charlotte Family,Grand Line ,,,0,,
Charlotte Compo,864,834,Charlotte Family,,,,0,,
Charlotte Counter,845,809,Charlotte Family,,,,0,,
Charlotte Cornstarch,865,841,Charlotte Family,,,,0,,
Charlotte Cracker,835,796,Charlotte Family,Grand Line ,Thousand Arms Cracker,307,860000000,Bisu Bisu no Mi,Paramecia
Charlotte Citron,861,833,Charlotte Family,Grand Line ,,,0,,
Charlotte Broyé,864,832,Charlotte Family,Grand Line ,,,0,,
Charlotte Cinnamon,860,830,Charlotte Family,Grand Line ,,,0,,
Charlotte Chiboust,894,869,Charlotte Family,,,,0,,
Charlotte Cadenza,845,809,Charlotte Family,,,,0,,
Charlotte Cabaletta,845,809,Charlotte Family,,,,0,,
Charlotte Chiffon,825,783,Fire Tank Pirates,Grand Line ,,215,0,,
Charlotte Brûlée,831,791,Charlotte Family,Grand Line ,,350,0,Mira Mira no Mi,Paramecia
Charlotte Brownie,845,809,Charlotte Family,,,,0,,
Charlotte Bavarois,888,861,Charlotte Family,,,,0,,
Charlotte Basskarte,860,830,Charlotte Family,,,,0,,
Charlotte Anana,845,809,Charlotte Family,,,,0,,
Charlotte Basans,862,832,Charlotte Family,,,,0,,
Charlotte Anglais,845,809,Charlotte Family,,,,0,,
Charlotte Angel,860,830,Charlotte Family,Grand Line ,,,0,,
Charlotte Amande,827,786,Charlotte Family,,Demon Lady,,0,,
Chap,823,777,Levely,,,,0,,
Chao,738,671,Tontatta Kingdom,,,,0,,
Chappe,668,593,Caesar Clown,,"Rope-Tugging"" Chappe",,0,,
Charlotte Decuplets,845,809,Charlotte Family,,,,0,,
Chaka,155,91,Arabasta Kingdom,Grand Line ,Chaka the Jackal,213,0,"Inu Inu no Mi, Model: Jackal",Zoan
Charlos,499,393,World Government,Red Line ,,230,0,,
Cezar,823,777,Levely,,,,0,,
Chabo,69,31,Nojiko's mikan farm,East Blue ,,,0,,
CB Gallant,966,959,Roger Pirates,,,,0,,
Cavendish,704,632,Beautiful Pirates,Grand Line ,"Hakuba,Cavendish of the White Horse,Pirate Prince"" (海賊貴公子, Kaizoku Kikōshi, Viz: ""Pirate Noble,FUNimation: ""Pirate Nobleman"")",208,330000000,,
Cerberus,444,339,Thriller Bark Pirates,,,,0,,
Catarina Devon,575,484,Blackbeard Pirates,South Blue,Crescent Moon Hunter,361,0,"Inu Inu no Mi, Model: Kyubi no Kitsune",Zoan
Chadros Higelyges,581,490,"Caesar Clown (defected), Centaur Patrol Unit (defected)",Grand Line,"Brownbeard,Boss",691,0,,
Catacombo,602,522,Marines,,,,0,,
Carne,45,21,Baratie,East Blue,,171,0,,
Carrot,804,753,"Mokomo Dukedom, Inuarashi Musketeer Squad",Grand Line ,,161,0,,
Carmel,861,831,Underworld,West Blue,"Mother Carmel,Sister Carmel,Mountain Witch,Holy Mother",185,0,Soru Soru no Mi,Paramecia
Capone Pez,834,795,Fire Tank Pirates,,Gang,,0,,
Cands,569,,Ally of the Whitebeard Pirates,,,,0,,
Candy,510,,Candy Pirates,Grand Line,,,0,,
Candre,557,466,Marines,,,,0,,
Capote,306,209,Foxy Pirates,,,,0,,
Camel,695,621,Blackbeard Pirates,,,,0,,
Cancer,96,151,Marines,,,,0,,
Capone Bege,498,392,Fire Tank Pirates,West Blue,Gang,166,350000000,Shiro Shiro no Mi,Paramecia
Caimanlady,1004,1020,Beasts Pirates,,,,0,,Zoan
Camie,195,385,"Takoyaki 8, Mermaid Cafe",Grand Line ,,197,0,,
Cabaji,9,7,Cross Guild,East Blue,Cabaji the Acrobat,208,0,,
Byron,501,395,,West Blue,,192,0,,
Bushon,361,251,,,,,0,,
Bunny Joe,546,455,Revolutionary Army,,,,0,,
Caesar Clown,658,581,Germa Kingdom,Grand Line,"Cedar,Master",309,300000000,Gasu Gasu no Mi,Logia
Busshiri,391,275,Ohara Archaeologists,,,,0,,
Bunbuku,911,894,,,,,0,"Inu Inu no Mi, Model: Tanuki",Zoan
Bulldog,1099,,,,,,0,,
Bungo,928,921,,,,,0,,
Building Snake,41,4,Red Hair Pirates,,,,0,,
Buhichuck,446,340,Thriller Bark Pirates,,,,0,,
Buckingham Stussy,802,752,Rocks Pirates (former),Grand Line,Miss Buckin,68,0,,
Buggy,9,4,Cross Guild,Grand Line,Buggy the Clown,130,3189000000,Bara Bara no Mi,Paramecia
Buffalo,692,618,Donquixote Pirates,North Blue,,696,0,Guru Guru no Mi,Paramecia
Buche,880,852,WCI 31,,,,0,,
Brontosaurus,115,,,Grand Line ,,,0,,
Bubblegum,1029,1054,Kid Pirates,,,,0,,
Buchi,31,13,Black Cat Pirates,East Blue,Nyaban Brothers,216,7000000,,
Brook,442,337,Straw Hat Pirates,West Blue,"Hone-kichi,The Starving Skeleton,Humming Brook,Soul King",277,383000000,Yomi Yomi no Mi,Paramecia
Brogy,115,71,Giant Warrior Pirates,Grand Line ,Brogy the Red Ogre,2130,100000000,,
Brannew,96,45,Marines,Grand Line,,190,0,,
Super Spot-Billed Duck Troops,180,111,Arabasta,,,,0,,
Braham,249,163,Shandia,Sky Islands ,,179,0,,
Brocca,561,470,Whitebeard Pirates,,,,0,,
Briscola,993,982,Beasts Pirates,,,,0,,Zoan
Brew,561,470,Whitebeard Pirates,,,,0,,
Borsalino,504,398,Marines,North Blue,Kizaru,302,0,Pika Pika no Mi,Logia
Boogie,1038,1065,Kid Pirates,,,,0,,
Boodle,12,6,,East Blue ,,172,0,,
Bonk Punch,1,4,Red Hair Pirates,,,,0,,
Bongo,928,921,,,,,0,,
Bomba,711,641,Tontatta Kingdom,,,,0,,
Bomba,652,589,Marines,,,,0,,
Bogard,92,68,,,,,0,,
Boo,704,632,Happo Navy,,,,0,,
Bobomba,711,641,Tontatta Kingdom,,,,0,,
Bobby Funk,704,632,Mogaro Kingdom,Grand Line ,,320,36000000,,
Boa Sandersonia,516,409,Kuja (Kuja Pirates),Calm Belt ,,453,40000000,"Hebi Hebi no Mi, Model: Anaconda",Zoan
Bobbin,651,571,Big Mom Pirates,,Sweeper,,105500000,,
Boa Marigold,516,409,Kuja (Kuja Pirates),Calm Belt ,,432,40000000,"Hebi Hebi no Mi, Model: King Cobra",Zoan
Boa Hancock,516,409,Kuja (Kuja Pirates),Calm Belt ,"Snake Princess,Pirate Empress",191,1659000000,Mero Mero no Mi,Paramecia
Bluegrass,1089,,Marines,,,,0,Nori Nori no Mi,Paramecia
Blumarine,967,959,Roger Pirates,,,,0,,
Bluejam,584,494,Bluejam Pirates,East Blue ,,261,14300000,,
Blueno,325,230,CP0,North Blue,,258,0,Doa Doa no Mi,Paramecia
Blue Fan,516,410,Kuja,Calm Belt ,,,0,,
Blamenco,553,461,Whitebeard Pirates,South Blue,,,0,Poke Poke no Mi,Paramecia
Blackback,805,754,Mokomo Dukedom,,,,0,,
Bizarre,553,468,Subordinate of the Whitebeard Pirates,,,,0,,
Blue Gilly,706,636,Ideo Pirates,Grand Line,,314,0,,
Blondie,558,468,Subordinate of the Whitebeard Pirates,,,,0,,
Blenheim,553,461,Whitebeard Pirates,Grand Line,,,0,,
Black Maria,977,982,Beasts Pirates (Tobiroppo),Wano Country,,820,480000000,"Kumo Kumo no Mi, Model: Rosamygale Grauvogeli",Zoan
Bishamon,931,925,Beasts Pirates,Wano Country,,182,0,,
Bimine,657,,,,,,0,,
Biyo,658,583,,,,,0,,
Bian,717,647,Tontatta Kingdom,,,,0,"Mushi Mushi no Mi, Model: Suzumebachi",Zoan
Bentham,129,78,Newkama Land,East Blue,"Mr. 2 Bon Kurei,Bentham of the Wild",238,0,Mane Mane no Mi,Paramecia
Bingo,928,921,,,,,0,,
Big Pan,309,210,Foxy Pirates,,"Big Pan ""the Wotan",,0,,
Bepo,498,392,Heart Pirates,Zou,,240,500,,
Bellett,537,439,Unnamed kingdom (former),,,,0,,
Benn Beckman,1,4,Red Hair Pirates,North Blue,,206,0,,
Bekori,1097,,,,,,0,,
Bellamy,222,146,Donquixote Pirates (former),,"Bellamy the Hyena,Deadly Bullet of Dressrosa,The Big-Time Rookie",240,195000000,Bane Bane no Mi,Paramecia
Beer VI,823,777,,,,,0,,
Belladonna,514,408,Kuja,Calm Belt ,,,0,,
Baxcon,718,648,Tontatta Kingdom Scouting Unit,,,,0,,
Belo Betty,904,880,Revolutionary Army (East Army),East Blue,,196,457000000,Kobu Kobu no Mi,Paramecia
Bell-mère,77,32,Marines (former),East Blue ,,186,0,,
Batchee,43,20,,East Blue,,,0,,
Basilisk,528,425,"World Government, Impel Down",West Blue,,,0,,
Batman,914,900,Beasts Pirates,,,,0,,Zoan
Bastille,553,462,Marines,Grand Line,Shark Cutter,291,0,,
Basil Hawkins,498,392,Hawkins Pirates,North Blue,Magician,210,320000000,Wara Wara no Mi,Paramecia
Bartholomew Kuma,233,151,Revolutionary Army,South Blue ,"PX-0,Tyrant",689,296000000,Nikyu Nikyu no Mi,Paramecia
Barry,552,461,Spade Pirates,,,,0,,
Bartolomeo,705,633,Barto Club,East Blue,Bartolomeo the Cannibal,220,200000000,Bari Bari no Mi,Paramecia
Bariete,804,753,Mokomo Dukedom (Recon Squad),,,,0,,
"Gyoro, Nin, and Bao",449,343,Thriller Bark Pirates,,,,0,,
Banshee,552,461,Spade Pirates,,,,0,,
Banzaburo,960,960,Kozuki Family,,,,0,,
Bao Huang,979,985,Beasts Pirates,,,,0,,Zoan
Banchi,114,67,Baroque Works,West Blue,,,0,,
Bankuro,967,959,Roger Pirates,,,,0,,
Banchina,41,17,,East Blue ,,,0,,
Ban Dedessinée,823,777,Levely,East Blue,,,0,,
Bakezo,668,594,Marines,,,,0,,
Baggaley,561,489,Whitebeard Pirates,,,,0,,
Bacura,516,410,Kuja,Calm Belt ,,,0,,
Azuki,940,936,,,,,0,,
Ayesé Mar,,,Marines,,,,0,,
Baby 5,682,608,Happo Navy,North Blue,,181,0,Buki Buki no Mi,Paramecia
Babanuki,934,930,Beasts Pirates,,,,0,,Zoan
Babe,160,103,New Spiders Cafe,Grand Line,"Mr. 4,Catcher-Killing"" Babe",218,3200000,,
Attach,436,139,World Economy News Paper,,Flaming Attachan,,0,,
Avalo Pizarro,575,484,Blackbeard Pirates,North Blue,Corrupt King,505,0,Shima Shima no Mi,Paramecia
Atagoyama,915,902,,,,,0,,
Atmos,553,461,Whitebeard Pirates,West Blue,Water Buffalo,,0,,
Aswa,163,100,Neutral civilian,,,,0,,
Asashichi,930,924,,,,,0,,
Asahija,483,375,Marines,,,,0,,
Atlas,1062,1091,Marines (SSG),,,,0,,
Aruyutayan V,292,189,Lvneel Kingdom,North Blue,,,0,,
Ashura Doji,920,910,Mt. Atama Thieves,Grand Line ,"Shutenmaru,Strongest Monster of Kuri",544,0,,
Arthur,556,,Whitebeard Pirates,,,,0,,
Alice,487,381,Galley-La Company,,,,0,,
Tsumegeri Guards,196,120,Arabasta Kingdom,,,,0,,
Arlong,69,31,Arlong Pirates,Grand Line ,Arlong the Saw,263,0,,
Albion,600,519,Fake Straw Hat Crew (Former),,Gashed Albion,,92000000,,
Akumai,129,78,Baroque Works,Grand Line,,,0,,
Akudai Kanzaburo,926,918,,,,,0,,
Akehende,548,451,,,,,0,,
Aladine,620,540,Sun Pirates,Grand Line ,,627,0,,
Aisa,249,161,Shandia,Sky Islands ,,140,0,,
Ahiru,905,883,Revolutionary Army,,,,0,,
Ahho Zurako,587,501,Goa Kingdom (High Town),,,,0,,
Ahho Desunen IX,587,501,Goa Kingdom (High Town),,,,0,,
Agyo,706,652,Corrida Colosseum,,,,0,,
Agsilly,578,487,Ally of the Whitebeard Pirates,,,,0,,
Agotogi,163,100,His own bandit gang,,,,0,,
Aggie 68,552,461,Spade Pirates,,,,0,,
Adele,608,527,Mermaid Café,Grand Line ,,,0,,
Acilia,706,654,Corrida Colosseum,,,,0,,
Absalom,444,339,Thriller Bark Pirates (Mysterious Four) (former),West Blue,"Absa,Absalom of the Graveyard",195,0,Suke Suke no Mi,Paramecia
Abdullah,704,633,Ideo Pirates,,,,0,,
