name,debut,affiliation,origin,aliases,height,bounty,dfname,dftype
A O,"{'chapter': 551, 'episode': 460}",A O Pirates,,,,,,
Aphelandra,"{'chapter': 514, 'episode': 408}",Kuja,Calm Belt ,,,,,
Aruyutayan V,"{'chapter': 292, 'episode': 189}",Lvneel Kingdom,North Blue,,,,,
Asahija,"{'chapter': 483, 'episode': 375}",Marines,,,,,,
Antonio,"{'chapter': 497, 'episode': 391}",Antonio's Graman,,,,,,
Tsumegeri Guards,"{'chapter': 196, 'episode': 120}",Arabasta Kingdom,,,,,,
Arlong,"{'chapter': 69, 'episode': 31}",Arlong Pirates,Grand Line ,Arlong the Saw,3,20,,
Aremo Ganmi,"{'chapter': 707, 'episode': 636}",Corrida Colosseum,,,,,,
Arthur,"{'chapter': 556, 'episode': None}",Whitebeard Pirates,,,,,,
Ankoro,"{'chapter': 606, 'episode': 525}",Flying Pirates,,,,,,
Anjo,"{'chapter': 1, 'episode': None}",,East Blue,,,,,
Andre,"{'chapter': 558, 'episode': 479}",Whitebeard Pirates,,,,,,
Charlotte Myukuru,"{'chapter': 845, 'episode': 809}",Charlotte Family,,,,,,
An Zengaiina,"{'chapter': 528, 'episode': 425}",,Grand Line,,,15,,
Baskerville,"{'chapter': 379, 'episode': 267}",,Grand Line,Three-Headed Baskerville,2,,,
Amazon,"{'chapter': 238, 'episode': 153}",Wagomuland,Grand Line ,,0,,,
Cands,"{'chapter': 569, 'episode': None}",Ally of the Whitebeard Pirates,,,,,,
Daikoku,"{'chapter': 931, 'episode': 925}",Beasts Pirates,Wano Country,,6,,,
Daigin,"{'chapter': 531, 'episode': 432}",Marines,West Blue,,,,,
Doha Ittanka II,"{'chapter': 529, 'episode': 430}",,,,,,,
Edison,"{'chapter': 1065, 'episode': 1095}",,,,,,,
Esta,"{'chapter': 717, 'episode': 647}",,,,,,,
Eddy,"{'chapter': 223, 'episode': 146}",Bellamy Pirates,,,,,,
Duval,"{'chapter': 491, 'episode': 386}",Rosy Life Riders,Grand Line,Iron Mask Duval,0,,,
Ducky Bree,"{'chapter': 552, 'episode': 461}",Spade Pirates,,,,,,
Eustass Kid,"{'chapter': 498, 'episode': 392}",Kid Pirates Ninja-Pirate-Mink-Samurai Alliance,South Blue,Captain,5,3,Jiki Jiki no Mi,Paramecia
Ethanbaron V. Nusjuro,"{'chapter': 233, 'episode': 151}",Five Elders,,,,,,
Edward Newgate,"{'chapter': 159, 'episode': 95}",Whitebeard Pirates,Grand Line,"Whitebeard,The Strongest Man in the World",6,5,Gura Gura no Mi,Paramecia
Gecko Moria,"{'chapter': 449, 'episode': 343}",,West Blue,,2,320,Kage Kage no Mi,Paramecia
Gazelleman,"{'chapter': 914, 'episode': 900}",Beasts Pirates,,,,,,Zoan
Gatz,"{'chapter': 702, 'episode': 631}",Corrida Colosseum,,,,,,
Gem,"{'chapter': 110, 'episode': 65}",New Spiders Cafe,South Blue,"Mr. 5,Gem of the Border",7,10,Bomu Bomu no Mi,Paramecia
Hihimaru,"{'chapter': 910, 'episode': 892}",,,Raging Baboon of the Mountain,,,,
Hidayu,"{'chapter': 926, 'episode': 918}",Kozuki Family,,,,,,
Higuma,"{'chapter': 1, 'episode': 4}",Higuma Bandits,East Blue,,0,8,,
Hibari,"{'chapter': 1061, 'episode': 1090}",Marines,,,,,,
Hewitt,"{'chapter': 223, 'episode': 146}",Bellamy Pirates,,,,,,
Herb,"{'chapter': 287, 'episode': 187}",Shandia,,,,,,
Heracles,"{'chapter': 524, 'episode': 420}",,South Blue,,4,,,
Hera,"{'chapter': 1011, 'episode': 1028}",Big Mom Pirates,,,,,,
Hera,"{'chapter': 703, 'episode': 633}",Corrida Colosseum,,,,,,
Heppoko,"{'chapter': 2, 'episode': 1}",Alvida Pirates,East Blue,,,,,
Jerry,"{'chapter': 362, 'episode': 253}",CP6,South Blue ,,6,,,
Mock Town,"{'chapter': 222, 'episode': 146}",,,,,,,
Jeet,"{'chapter': 704, 'episode': 633}",Ideo Pirates,,,,,,
Helmeppo,"{'chapter': 3, 'episode': 2}",,,,9,,,
Jeep,"{'chapter': 906, 'episode': 884}",Levely,,,,,,
Jesus Burgess,"{'chapter': 222, 'episode': 146}",Blackbeard Pirates,Grand Line,"Mr. Store,Champion",5,20,Riki Riki no Mi,Paramecia
Jero,"{'chapter': 680, 'episode': 606}",Marines,,,,,,
Jean Goen,"{'chapter': 526, 'episode': 423}",,Grand Line,,,,,
Kazekage,"{'chapter': 931, 'episode': 925}",Beasts Pirates,Wano Country,,2,,,
Katsuzo,"{'chapter': 960, 'episode': 960}",,,,,,,
Kebi,"{'chapter': 164, 'episode': 100}",Arabasta Kingdom,,,,,,
Keith,"{'chapter': 809, 'episode': 759}",Guardians,,,,,,
Kaya,"{'chapter': 23, 'episode': 9}",,East Blue ,,9,,,
Kechatch,"{'chapter': 553, 'episode': None}",Whitebeard Pirates,,,,,,
Kazenbo,"{'chapter': 1030, 'episode': 1055}",Kurozumi Family,,,,,,
Kashigami,"{'chapter': 287, 'episode': 187}",Shandia,,God of the Sun,,,,
Kasagoba,"{'chapter': 607, 'episode': 527}",New Fish-Man Pirates,Grand Line ,,,,,
Kukai,"{'chapter': 552, 'episode': 461}",Spade Pirates,,,,,,
Kashii,"{'chapter': 377, 'episode': 265}",,Grand Line ,,0,,,
Kumadori,"{'chapter': 375, 'episode': 264}",CP0,South Blue,,8,,,
Kujaku,"{'chapter': 966, 'episode': 1090}",,,,,,Muchi Muchi no Mi,Paramecia
Lacroix,"{'chapter': 550, 'episode': 459}","Marines, Giant Squad",,,,,,
Lady Tree,"{'chapter': 873, 'episode': 844}",,,,,,,
Lacuba,"{'chapter': 501, 'episode': 394}",N/A,Grand Line,,,17,,
Laboon,"{'chapter': 102, 'episode': 62}",Crocus,West Blue,,,,,
Laffitte,"{'chapter': 234, 'episode': 151}",Blackbeard Pirates,West Blue,Demon Sheriff,0,42,,
Kyukyu,"{'chapter': 334, 'episode': 237}",,,,,,,
Magra,"{'chapter': 582, 'episode': 493}",Dadan Family,East Blue,,,,,
Lucky Roux,"{'chapter': 1, 'episode': 4}",Red Hair Pirates,South Blue,,1,,,
Madilloman,"{'chapter': 939, 'episode': 935}",Beasts Pirates,,,,,,Zoan
Macro,"{'chapter': 437, 'episode': None}",Automata,,,,,,
Mario,"{'chapter': 701, 'episode': 630}",,,,,,,
Magellan,"{'chapter': 528, 'episode': 425}",Impel Down,Grand Line,,1,,Doku Doku no Mi,Paramecia
Marshall D. Teach,"{'chapter': 223, 'episode': 146}",Blackbeard Pirates,Grand Line,Blackbeard,4,3,Yami Yami no Mi,Logia
Marin,"{'chapter': 500, 'episode': 394}",,Grand Line ,,,,,
Moodie,"{'chapter': 43, 'episode': 20}",,East Blue,,,,,
Monster,"{'chapter': 1, 'episode': 489}",Red Hair Pirates,East Blue,,,,,
Mont Blanc Cricket,"{'chapter': 227, 'episode': 148}",Saruyama Alliance,North Blue,,2,25,,
Mont Blanc Noland,"{'chapter': 286, 'episode': 187}",Lvneel,North Blue,Liar Noland,0,,,
Mozambia,"{'chapter': 234, 'episode': 151}",Marines,,,,,,
Brag Men,"{'chapter': 115, 'episode': 70}",,,,,,,
Moyle,"{'chapter': 272, 'episode': 178}",Divine Squad,,,,,,
Monkey D. Dragon,"{'chapter': 100, 'episode': 52}",Revolutionary Army,East Blue ,Rebellious Dragon,6,,,
Mousse,"{'chapter': 287, 'episode': 187}",Shandia,,,,,,
Mouseman,"{'chapter': 915, 'episode': 901}",Beasts Pirates,,,,,,Zoan
Mountain Ricky,"{'chapter': 313, 'episode': 217}",Foxy Pirates,,,,,,
Mr. Love,"{'chapter': 206, 'episode': 125}",,,,,,,
Mr. Mellow,"{'chapter': 159, 'episode': 95}",,,,,,,
Mountain God,"{'chapter': 960, 'episode': 960}",Kozuki Family,,,,,,
Negikuma Maria,"{'chapter': 133, 'episode': 80}",,Grand Line ,,,,,
Mr. Beans,"{'chapter': 106, 'episode': 64}",Baroque Works,Grand Line,,,,,
,"{'chapter': 754, 'episode': 691}",,,,,,,
Nekomamushi,"{'chapter': 809, 'episode': 756}",Mokomo Dukedom,Grand Line ,Master Nekomamushi,2,,,
Raijin,"{'chapter': 931, 'episode': 925}",Beasts Pirates,Wano Country,,0,,,
Quincy,"{'chapter': 1039, 'episode': 1066}",Kid Pirates,,,,,,
Rabbitman,"{'chapter': 916, 'episode': 904}",Beasts Pirates,,,,,SMILE,Zoan
Queen Mama Chanter,"{'chapter': 730, 'episode': 662}",,,,,,,
Rabiyan,"{'chapter': 827, 'episode': 786}",Big Mom Pirates,,,,,,
Raideen,"{'chapter': 866, 'episode': 836}",,,,,,,
Pythagoras,"{'chapter': 1065, 'episode': 1095}",,,,,,,
Queen,"{'chapter': 920, 'episode': 910}",Beasts Pirates,Grand Line,Queen the Plague,2,1,"Ryu Ryu no Mi, Model: Brachiosaurus",Zoan
Pururu,"{'chapter': 1079, 'episode': None}",Bourgeois Pirates,,Trembling,,,,
Puppu,"{'chapter': 155, 'episode': 92}",Pirate crew,,,,,,
Pacifista,"{'chapter': 505, 'episode': 399}",Marines,,,,,,
Pudos,"{'chapter': 924, 'episode': 916}",,,,,,,
Pudding Pudding,"{'chapter': 75, 'episode': 34}","Marines, Marine 77th Branch",East Blue,,,,,
Sadi,"{'chapter': 531, 'episode': 432}",Impel Down,Grand Line,,3,,,
Seamars,"{'chapter': 440, 'episode': None}",Space Pirates,,,,,,
Seagull Guns Nozdon,"{'chapter': 0, 'episode': 0}",,,,,,,
Prometheus,"{'chapter': 827, 'episode': 786}",Big Mom Pirates,Grand Line,Prometheus the Sun,9,,,
Prince Grus,"{'chapter': 966, 'episode': 1090}",,,,,,Gunyo Gunyo no Mi,Unknown
Scotch,"{'chapter': 595, 'episode': 513}",Beasts Pirates,,Iron Boy,,,,
Seaboar,"{'chapter': 191, 'episode': None}",Sea Floor,,,,,,
Shine,"{'chapter': 214, 'episode': 128}",Marines,,,,,,
Seto,"{'chapter': 287, 'episode': 187}",Shandia,,,,,,
Shachi,"{'chapter': 498, 'episode': 392}",Heart Pirates,North Blue,,,,,
Scratchmen Apoo,"{'chapter': 498, 'episode': 392}",On Air Pirates,Grand Line,Roar of the Sea,6,350,Oto Oto no Mi,Paramecia
Shinobu,"{'chapter': 921, 'episode': 911}",Kozuki Family,Grand Line ,"Bewitching Kunoichi,Shinobu the Man-Killer",0,,Juku Juku no Mi,Paramecia
Shin Jaiya,"{'chapter': 785, 'episode': 727}",,,,,,,
Smooge,"{'chapter': 668, 'episode': 592}",Caesar Clown,,Rebar,,,,
Sphinx,"{'chapter': 529, 'episode': 430}","World Government, Impel Down",,,,,,
Smoker,"{'chapter': 97, 'episode': 48}",Marines,Grand Line,"Smoker the White Hunter,White Chase Smoker,Smoke Hunter",9,,Moku Moku no Mi,Logia
Splash and Splatter,"{'chapter': 610, 'episode': 529}",,,,,,,
Speed Jiru,"{'chapter': 553, 'episode': 461}",Whitebeard Pirates,East Blue,,,,,
Spencer,"{'chapter': 966, 'episode': 959}",Roger Pirates,,,,,,
Tate,"{'chapter': 234, 'episode': 151}",Whitebeard Pirates,,,,,,
Speed,"{'chapter': 917, 'episode': 904}",Tama,Wano Country,,8,,,Zoan
Tashigi,"{'chapter': 96, 'episode': 48}",Marines,East Blue,,0,,,
Tosa,"{'chapter': 1089, 'episode': None}",Marines,,,,,,
Taroimo,"{'chapter': 523, 'episode': 418}",Karakuri Island,,,,,,
Taro,"{'chapter': 0, 'episode': 0}",Roger Pirates,,,,,,
Toyama Tsujigiro,"{'chapter': 909, 'episode': 892}",,,,,,,
Toto,"{'chapter': 163, 'episode': 100}",Koza,,,,,,
Zucca,"{'chapter': 564, 'episode': 489}",Ally of the Whitebeard Pirates,,,,,,
Zepo,"{'chapter': 850, 'episode': 816}",Nox Pirates,,,,,,
Zunesha,"{'chapter': 802, 'episode': 751}",,Grand Line,,,,,
Zotto,"{'chapter': 533, 'episode': 434}",Marines G-1 Branch,,,,,,
Zodia,"{'chapter': 553, 'episode': 462}",Whitebeard Pirates,,,,,,
Zeus,"{'chapter': 827, 'episode': 786}",Straw Hat Pirates,Grand Line,Zeus the Thundercloud,2,,,
Bonney Pirates,"{'chapter': 498, 'episode': 392}",,,,,320,,
Zeo,"{'chapter': 611, 'episode': 530}",New Fish-Man Pirates,Grand Line ,Noble of the Fish-Man District,5,,,
Zanki,"{'chapter': 991, 'episode': 1055}",,,,,,,
Zeff,"{'chapter': 43, 'episode': 20}",Baratie,East Blue,Red-Leg Zeff,9,,,
Yu,"{'chapter': 98, 'episode': 48}",,East Blue,,,,,
Yuki,"{'chapter': 129, 'episode': 78}",,Grand Line,,,,,
Zabo,"{'chapter': 241, 'episode': 155}",,,,,,,
Yui,"{'chapter': 966, 'episode': 966}",Roger Pirates,,,,,,
Zambai,"{'chapter': 324, 'episode': 230}",Franky Family,Grand Line ,,7,,,
Yurikah,"{'chapter': 151, 'episode': None}",Tulip Pirates,,,,,,
Zadie,"{'chapter': 391, 'episode': 275}",Ohara Archaeologists,,,,,,
Yotsubane,"{'chapter': 269, 'episode': 176}",Shandia,,,,,,
Yorki,"{'chapter': 103, 'episode': 63}",Rumbar Pirates,,Calico,,,,
Yosaku,"{'chapter': 42, 'episode': 20}",Johnny,East Blue,,5,,,
Yomo,"{'chapter': 806, 'episode': 755}",Ninja-Pirate-Mink-Samurai Alliance,,Pastor Yomo,,,,
Yokozuna,"{'chapter': 322, 'episode': 228}",,,,,,,
Yoshimoto,"{'chapter': 157, 'episode': 94}",,,,,,,
Yokan,"{'chapter': 915, 'episode': 902}",,,,,,,
Yazaemon,"{'chapter': 931, 'episode': 925}",Beasts Pirates,Wano Country,,0,,,
York,"{'chapter': 1065, 'episode': 1095}",,,,,,,
Yamenahare,"{'chapter': 436, 'episode': None}",Marumieta,,,,,,
Yarisugi,"{'chapter': 673, 'episode': 599}",Marines,,,0,,,
Yasopp,"{'chapter': 1, 'episode': 4}",Red Hair Pirates,East Blue ,Chaser,3,,,
Yatappe,"{'chapter': 952, 'episode': 946}",,,Snake-Eyes Yatappe,,,,
Yame,"{'chapter': 917, 'episode': 904}",,,,,,,
Yamakaji,"{'chapter': 420, 'episode': 302}",Marines,,,,,,
Yamato,"{'chapter': 971, 'episode': 972}",,,"Kozuki Oden,Oni Princess",3,,"Inu Inu no Mi, Model: Okuchi no Makami",Zoan
Yama,"{'chapter': 254, 'episode': 167}",,Sky Islands ,,6,,,
Woop Slap,"{'chapter': 1, 'episode': 4}",Foosha Village,East Blue ,,,,,
Wire,"{'chapter': 500, 'episode': 394}",Kid Pirates,South Blue,,,,,
Whitey Bay,"{'chapter': 556, 'episode': 462}",Whitebeard Pirates,,Ice Witch,,,,
Wicca,"{'chapter': 705, 'episode': 635}",Tontatta Tribe Scouting UnitStraw Hat Grand Fleet,,,,,,
Wyper,"{'chapter': 237, 'episode': 153}",Shandia,Sky Islands ,Berserker,3,,,
Wheel,"{'chapter': 906, 'episode': 884}",Levely,,,,,,
Who's-Who,"{'chapter': 977, 'episode': 954}",,North Blue,Who of the Droplets,6,546,"Neko Neko no Mi, Model: Saber Tiger",Zoan
Warashi,"{'chapter': 269, 'episode': 176}",Shandia,,,,,,
Waruno Furishiro,"{'chapter': 926, 'episode': 918}",,,,,,,
Wanyudo,"{'chapter': 1005, 'episode': 1021}",Beasts Pirates,,,,,,Zoan
Wanze,"{'chapter': 367, 'episode': 257}",CP7,West Blue,Mad Wanze,3,,,
Wellington,"{'chapter': 763, 'episode': 702}",,,,,10,,
Wany,"{'chapter': 804, 'episode': 753}",Wanda,,,,,,
Wapol,"{'chapter': 131, 'episode': 79}",Evil Black Drum Kingdom,Grand Line ,Tin-Plate,7,,Baku Baku no Mi,Paramecia
Wanda,"{'chapter': 804, 'episode': 753}",Mokomo Dukedom,Grand Line ,,1,,,
Scientist,"{'chapter': 329, 'episode': 233}",,,,,,,
Wakasa,"{'chapter': 915, 'episode': 901}",,,,,,,
Wallace,"{'chapter': 552, 'episode': 461}",Spade Pirates,,,,,,
Wallem,"{'chapter': 561, 'episode': 470}",Ally of the Whitebeard Pirates,,,,,,
Wadatsumi,"{'chapter': 606, 'episode': 525}",Sun Pirates,Grand Line ,Large Monk,,,,
Vitan,"{'chapter': 553, 'episode': None}",Whitebeard Pirates,,,,,,
Vito,"{'chapter': 812, 'episode': 763}",Fire Tank Pirates,West Blue,Monster Gun,2,95,,
Vista,"{'chapter': 552, 'episode': 0}",,North Blue,Vista of the Flower Swords,8,,,
Vinsmoke Sora,"{'chapter': 841, 'episode': 803}",Vinsmoke Family,,,,,,
Vinsmoke Yonji,"{'chapter': 825, 'episode': 783}",Vinsmoke Family,North Blue ,Winch Green,4,,,
Vinsmoke Reiju,"{'chapter': 826, 'episode': 784}",Vinsmoke Family,North Blue ,Poison Pink,3,,,
Vinsmoke Niji,"{'chapter': 828, 'episode': 787}",Vinsmoke Family,North Blue ,Dengeki Blue,5,,,
Vinsmoke Ichiji,"{'chapter': 828, 'episode': 787}",Vinsmoke Family,North Blue ,Sparking Red,6,,,
Vinsmoke Judge,"{'chapter': 832, 'episode': 793}",Vinsmoke Family,North Blue ,Garuda,2,,,
Very Good,"{'chapter': 426, 'episode': 309}",Marines,,,,,Beri Beri no Mi,Paramecia
Victoria Cindry,"{'chapter': 446, 'episode': 340}",Thriller Bark Pirates,West Blue,,8,,,
Vegapunk,"{'chapter': 684, 'episode': 610}",,Grand Line ,"Stella,The Man With the Best Brain in the World",,,Nomi Nomi no Mi,Paramecia
Vasco Shot,"{'chapter': 575, 'episode': 484}",Blackbeard Pirates,South Blue,Heavy Drinker,3,,Gabu Gabu no Mi,Paramecia
Vander Decken,"{'chapter': 606, 'episode': 525}",Flying Dutchman,,,,,,
Vander Decken IX,"{'chapter': 606, 'episode': 525}",Flying Pirates,Grand Line ,,2,,Mato Mato no Mi,Paramecia
Uzu,"{'chapter': 658, 'episode': 583}",,,,,,,
Uzuki Tempura,"{'chapter': 1024, 'episode': 1048}",,,,,,,
Van Augur,"{'chapter': 222, 'episode': 146}",Blackbeard Pirates,East Blue,The Supersonic,0,64,Wapu Wapu no Mi,Paramecia
Usakkov,"{'chapter': 537, 'episode': 438}",,,,,,,
Ushiano,"{'chapter': 905, 'episode': 883}",Revolutionary Army,,,,,,
Uwattsura,"{'chapter': 936, 'episode': 932}",Beasts Pirates,,,,,,
Uta,"{'chapter': 1055, 'episode': 1029}",,,,9,,Uta Uta no Mi,Paramecia
Usopp,"{'chapter': 23, 'episode': 8}",Straw Hat Pirates,East Blue ,"Sogeking,King of Snipers,God",6,500,,
Usagihebi,"{'chapter': 22, 'episode': 18}",Animals of the Island of Rare Animals,,,,,,
Urouge,"{'chapter': 498, 'episode': 392}",Fallen Monk Pirates,Sky Island,Mad Monk,8,108,,
Unigaro,"{'chapter': 445, 'episode': 340}",Thriller Bark Pirates,,,,,,
Urashima,"{'chapter': 913, 'episode': 899}",,,,,,,
Urban,"{'chapter': 1089, 'episode': None}",Marines,,,,,,
Ultraking,"{'chapter': 169, 'episode': 106}",Rain Dinners,,,,,,
Umit,"{'chapter': 860, 'episode': 828}",Underworld,,Deep Ocean Current,,,,
Uni,"{'chapter': 810, 'episode': 757}",Heart Pirates,,,,,,
Ukon,"{'chapter': 926, 'episode': 918}",Kozuki Family,,,,,,
UK,"{'chapter': 1029, 'episode': 1054}",Kid Pirates,,,,,,
Ukkari,"{'chapter': 4, 'episode': 2}",,East Blue,,,,,
Uholisia,"{'chapter': 877, 'episode': 710}",Niho Navy,,,,,,
Ucy,"{'chapter': 706, 'episode': 639}",Corrida Colosseum,,Brutal Bull,,,,
Ubau,"{'chapter': 292, 'episode': 189}",,Skypiea,,,,,
Uhho,"{'chapter': 743, 'episode': 677}",,,,,,,
Ulti,"{'chapter': 977, 'episode': 982}",,Grand Line,,3,400,"Ryu Ryu no Mi, Model: Pachycephalosaurus",Zoan
Tsunokkov,"{'chapter': 537, 'episode': 438}",,,,,,,
Tsunagoro,"{'chapter': 947, 'episode': 946}",,,Broken Hat Tsunagoro,,,,
Tsurujo,"{'chapter': 912, 'episode': 897}",,,,1,,,
Tyrannosaurus,"{'chapter': 323, 'episode': 230}",Iceburg,,,,,,
Tsuru,"{'chapter': 234, 'episode': 151}",Marines,North Blue,Great Staff Officer,4,,Woshu Woshu no Mi,Paramecia
Turco,"{'chapter': 598, 'episode': 517}",Fake Straw Hat Crew,East Blue,,8,,,
Tsukimi,"{'chapter': 448, 'episode': None}",Moon,,,,,,
Tsurue Monnosuke,"{'chapter': 933, 'episode': 928}",,,,,,,
Tristan,"{'chapter': 795, 'episode': 739}",Mokomo Dukedom,,,,,,
Tritobu,"{'chapter': 906, 'episode': 884}",Levely,,,,,,
Tsugaru Umi,"{'chapter': 909, 'episode': 892}",Nico Robin,,,,,,
Trebol,"{'chapter': 700, 'episode': 629}",Donquixote Pirates,North Blue,,9,99,Beta Beta no Mi,Paramecia
Trafalgar D. Water Law,"{'chapter': 498, 'episode': 392}",Heart Pirates,North Blue,Surgeon of Death,1,3,Ope Ope no Mi,Paramecia
Tori,"{'chapter': 925, 'episode': 917}",Blackbeard Pirates,,,,,,
Trafalgar Lami,"{'chapter': 762, 'episode': 701}",,,,,,,
Tomato Gang,"{'chapter': 179, 'episode': None}",Easter Egg,,,,,,
Tonjit,"{'chapter': 304, 'episode': 207}",Nomads,Grand Line ,,8,,,
Tony Tony Chopper,"{'chapter': 134, 'episode': 81}",Straw Hat Pirates,Grand Line ,"Chopa-emon,Cotton Candy Lover",0,1,Hito Hito no Mi,Zoan
Topman Warcury,"{'chapter': 233, 'episode': 151}",Five Elders,,,,,,
Tom,"{'chapter': 352, 'episode': 248}",Tom's Workers,Grand Line ,,6,,,
Tilestone,"{'chapter': 323, 'episode': 230}",Galley-La Company,Grand Line ,,5,,,
Tibany,"{'chapter': 543, 'episode': 419}",Kamabakka Kingdom,,,,,,
Toko,"{'chapter': 927, 'episode': 920}","Kozuki Hiyori, Shimotsuki Family",,,9,,,
Tokijiro,"{'chapter': 929, 'episode': 922}",,,,,,,
Togare,"{'chapter': 628, 'episode': 548}",Neutral civilian,Grand Line ,,,,,
Thatch,"{'chapter': 440, 'episode': 325}",Whitebeard Pirates,North Blue,,,,,
Thalassa Lucas,"{'chapter': 142, 'episode': 91}",Ilisia Kingdom,,,,,,
Tetsu,"{'chapter': 948, 'episode': 947}",Ninja-Pirate-Mink-Samurai Alliance,,,,,,
Tenjo-Sagari,"{'chapter': 980, 'episode': 986}",Beasts Pirates,,,,,,Zoan
Tensei,"{'chapter': 1054, 'episode': 1081}",Marines,,Kurouma,,,,
Terry Gilteo,"{'chapter': 440, 'episode': 324}",Revolutionary Army,,,,,,
Terry,"{'chapter': 223, 'episode': 146}",,,,,,,
Tegata Ringana,"{'chapter': 785, 'episode': 727}",,,,,,,
Terracotta,"{'chapter': 213, 'episode': 128}",Arabasta Kingdom,,,,,,
Tea IV,"{'chapter': 823, 'episode': 777}",Levely,,,,,,
Tank Lepanto,"{'chapter': 706, 'episode': 636}",Riku Family,,,,,,
Tarara,"{'chapter': 713, 'episode': None}",Tontatta Tribe,,,,,,
Tansui,"{'chapter': 197, 'episode': 386}",Macro Pirates,Grand Line ,,,,,
Tamanegi,"{'chapter': 23, 'episode': 9}",,East Blue ,,4,,,
Tamagon,"{'chapter': 325, 'episode': 231}",Franky Family,,,,,,
Tararan,"{'chapter': 452, 'episode': 346}",Thriller Bark Pirates,,,,,,
Tamachibi,"{'chapter': 134, 'episode': 81}",Stool Restaurant,Grand Line ,,,,,
Tamago,"{'chapter': 651, 'episode': 570}",Big Mom Pirates,Grand Line,Baron Tamago,1,429,Tama Tama no Mi,Zoan
Tabuhachiro,"{'chapter': 920, 'episode': 911}",Kozuki Family,,,,,,
Tacos,"{'chapter': 905, 'episode': 882}",,,,,,,
Sweet Pea,"{'chapter': 514, 'episode': 408}",Kuja,Calm Belt ,,,,,
Takao,"{'chapter': 927, 'episode': 921}",Komurasaki,,,,,,
Take,"{'chapter': 75, 'episode': 33}",Arlong Pirates,Grand Line ,,,,,
Tama,"{'chapter': 909, 'episode': 890}",Oide,,,,,,
T Bone,"{'chapter': 365, 'episode': 255}",Marines,Grand Line,Ship Cutter,0,,,
Surume,"{'chapter': 604, 'episode': 524}",Straw Hat Pirates,North Blue ,,,,,
Sunbell,"{'chapter': 0, 'episode': 0}",Roger Pirates,,,,,,
Suleiman,"{'chapter': 704, 'episode': 632}",Beautiful Pirates,South Blue,Suleiman the Beheader,0,67,,
Sukoshiba Kanishitoru,"{'chapter': 536, 'episode': 437}",,,,,,,
Suke,"{'chapter': 927, 'episode': 919}",Kyoshiro Family,,,,,,
Sugar,"{'chapter': 682, 'episode': 608}",Donquixote Pirates,North Blue,,0,,Hobi Hobi no Mi,Paramecia
Sugamichi and Warazane,"{'chapter': 931, 'episode': 925}",Fujin and Raijin,,,,,,
Stronger,"{'chapter': 223, 'episode': 146}",Blackbeard Pirates,,,,,"Uma Uma no Mi, Model: Pegasus",Zoan
Su,"{'chapter': 239, 'episode': 154}",Skypiea,,,,,,
Stroganoff,"{'chapter': 908, 'episode': 886}",Levely,,,,,,
Stevie,"{'chapter': 361, 'episode': 251}",Water 7,,,,,,
Sterry,"{'chapter': 586, 'episode': 500}",Goa Kingdom,East Blue ,,0,,,
Streusen,"{'chapter': 858, 'episode': 827}",Big Mom Pirates,Grand Line,Gourmet Knight,0,,Kuku Kuku no Mi,Paramecia
Stealth Black,"{'chapter': 931, 'episode': 925}",,,,,,,
Strawberry,"{'chapter': 420, 'episode': 302}",Marines,,,,,,
Stalker,"{'chapter': 524, 'episode': 421}",Marines G-1 Branch,Grand Line,,,,,
Stainless,"{'chapter': 96, 'episode': 151}",Marines,,,,,,
Stansen,"{'chapter': 500, 'episode': 394}",New Giant Warrior Pirates,Grand Line,,,,,
Spoil,"{'chapter': 448, 'episode': 343}",Thriller Bark Victim's Association,,,,,,
Spector,"{'chapter': 223, 'episode': 146}",,,,,,,
Spartan,"{'chapter': 703, 'episode': 633}",Corrida Colosseum,,,,,,
Spandine,"{'chapter': 392, 'episode': 275}",,Grand Line,,5,,,
Squard,"{'chapter': 551, 'episode': 460}",Maelstrom Spider Pirates,Grand Line,Maelstrom Spider,8,210,,
Cocoa Weed,"{'chapter': 134, 'episode': 81}",,,,,,,
Spacey,"{'chapter': 433, 'episode': None}",Automata,,,,,,
Soro,"{'chapter': 3, 'episode': 2}",Helmeppo,East Blue,,,,,
Sora,"{'chapter': 825, 'episode': 783}",,,,,,,
Spandam,"{'chapter': 355, 'episode': 249}",CP0,Grand Line,,2,,,
Sora,"{'chapter': 608, 'episode': 527}",Mermaid Cafe,Grand Line ,,,,,
Some,"{'chapter': 1031, 'episode': 1057}",,,,,,,
Sonieh,"{'chapter': 318, 'episode': None}",Foxy Pirates,,,,,,
Sodom,"{'chapter': 366, 'episode': 256}",Franky Family,,,,,,
Snakeman,"{'chapter': 916, 'episode': 904}",Beasts Pirates,,,,,,Zoan
Smiley,"{'chapter': 668, 'episode': 594}",Caesar Clown,,,,,"Sara Sara no Mi, Model: Axolotl",Zoan
Solitaire,"{'chapter': 935, 'episode': 930}",Beasts Pirates,,,,,,Zoan
Skull,"{'chapter': 552, 'episode': 461}","Spade Pirates, Whitebeard Pirates",,,,,,
Sind,"{'chapter': 657, 'episode': 582}",,,,,,,
Silvers Rayleigh,"{'chapter': 19, 'episode': 8}",,,"Right Hand of the Pirate King,Dark King",8,,,
Rocks Pirates,"{'chapter': 957, 'episode': 958}",,,,,570,,
Sicily,"{'chapter': 504, 'episode': None}",Marines,South Blue,,,,,
Shishilian,"{'chapter': 808, 'episode': 758}",Mokomo Dukedom,Grand Line ,Full Power Shishilian,6,,,
Shoujou,"{'chapter': 226, 'episode': 147}",,South Blue,Sonar King,1,36,,
Shu,"{'chapter': 426, 'episode': 309}",Marines,,,,,Sabi Sabi no Mi,Paramecia
Shura,"{'chapter': 241, 'episode': 155}",God's Army,Sky Islands ,Sky Rider,1,,,
Shioyaki,"{'chapter': 75, 'episode': 33}",Arlong Pirates,Grand Line ,,,,,
Shion,"{'chapter': 515, 'episode': 409}",Kuja,,,,,,
Shirahoshi,"{'chapter': 612, 'episode': 531}",Neptune Family,Grand Line ,"Poseidon,Mermaid Princess",7,,,
Shiryu,"{'chapter': 538, 'episode': 440}",Blackbeard Pirates,Grand Line,Shiryu of the Rain,0,,Suke Suke no Mi,Paramecia
Shinosuke,"{'chapter': 955, 'episode': 956}",Kozuki Family,,,,,,
Shin Detamaruka,"{'chapter': 785, 'episode': 727}",,,,,,,
Shimotsuki Ushimaru,"{'chapter': 953, 'episode': 954}",,,,,,,
Shimotsuki Yasuie,"{'chapter': 929, 'episode': 916}",,,"Tonoyasu,Yasu the Hedgehog",5,,,
Shimotsuki Koushirou,"{'chapter': 5, 'episode': 19}",Shimotsuki Family,East Blue,,4,,,
Shimotsuki Kuina,"{'chapter': 5, 'episode': 2}",Shimotsuki Family,East Blue ,,0,,,
Shimotsuki Kozaburo,"{'chapter': 1033, 'episode': 1060}",Shimotsuki Family,,,,,,
Shelly,"{'chapter': 304, 'episode': 207}",Nomads,,,,,,
Shiki,"{'chapter': 0, 'episode': 425}",Golden Lion Pirates,,"Shiki the Golden Lion,The Flying Pirate",,,Fuwa Fuwa no Mi,Paramecia
Shepherd Ju Peter,"{'chapter': 233, 'episode': 151}",Five Elders,,,,,,
Shandia Chief,"{'chapter': 275, 'episode': 168}",Shandia,Sky Islands ,,9,,,
Sharinguru,"{'chapter': 428, 'episode': 310}",Marines,,,,,Shari Shari no Mi,Paramecia
Shalria,"{'chapter': 497, 'episode': 391}",World Government,Red Line ,,8,,,
Shanks,"{'chapter': 1, 'episode': 4}",Red Hair Pirates,West Blue,Red-Haired Shanks,2,4,,
Shakuyaku,"{'chapter': 498, 'episode': 392}",Shakky's Rip-off Bar,,Shakky,6,,,
Sheepshead,"{'chapter': 795, 'episode': 739}",Beasts Pirates,Grand Line,,3,,,Zoan
Sham,"{'chapter': 31, 'episode': 13}",Black Cat Pirates,East Blue,Nyaban Brothers,1,7,,
Shaka,"{'chapter': 1062, 'episode': 1091}",,,,,,,
Serizawa,"{'chapter': 915, 'episode': None}",,,,,,,
Seki,"{'chapter': 908, 'episode': 884}",Levely,,,,,,
Sennorikyuru,"{'chapter': 1053, 'episode': 1080}",,,,,,,
Shanba,"{'chapter': 524, 'episode': 419}",Torino Kingdom,,,,,,
Sengoku,"{'chapter': 234, 'episode': 151}",,South Blue,"Sengoku the Buddha,The Resourceful General",8,,"Hito Hito no Mi, Model: Daibutsu",Zoan
Senor Pink,"{'chapter': 702, 'episode': 632}",Donquixote Pirates,North Blue,,4,58,Sui Sui no Mi,Paramecia
Seira,"{'chapter': 608, 'episode': 527}",Mermaid Cafe,Grand Line ,,,,,
Scarlett,"{'chapter': 721, 'episode': 650}",Riku Family,,,,,,
Scopper Gaban,"{'chapter': 19, 'episode': 0}",,,,,,,
Schollzo,"{'chapter': 325, 'episode': 231}",Franky Family,,,,,,
Sentomaru,"{'chapter': 497, 'episode': 401}",,Grand Line,,9,,,
Sauce,"{'chapter': 906, 'episode': 884}",Levely,,,,,,
Yeti Cool Brothers,"{'chapter': 665, 'episode': 591}",Caesar Clown,Grand Line,Killers of the Snowy Mountain,0,20,,
Sarutobi,"{'chapter': 931, 'episode': 925}",Beasts Pirates,Wano Country,,8,,,
Sarie Nantokanette,"{'chapter': 823, 'episode': 777}",Goa Kingdom,,,,,,
Satori,"{'chapter': 241, 'episode': 155}",God's Army,Sky Islands ,Satori of the Forest,9,,,
Saru,"{'chapter': 497, 'episode': 391}",Rosward Family,,,,,,
Sarfunkel,"{'chapter': 620, 'episode': None}",Gaimon,,,,,,
Sasaki,"{'chapter': 977, 'episode': 954}",,Grand Line,Overflowing Sasaki,8,472,"Ryu Ryu no Mi, Model: Triceratops",Zoan
Sarquiss,"{'chapter': 222, 'episode': 146}",Bellamy Pirates,North Blue,Big Knife Sarquiss,8,38,,
Sarahebi,"{'chapter': 919, 'episode': 909}",Beasts Pirates,,,,,Snake SMILE,Zoan
Sandayu,"{'chapter': 928, 'episode': 921}",Komurasaki,,,,,,
Sapi,"{'chapter': 98, 'episode': 51}",,East Blue,,,,,
Sanjuan Wolf,"{'chapter': 575, 'episode': 484}",Blackbeard Pirates,West Blue,Colossal Battleship,,,Deka Deka no Mi,Paramecia
Sanji,"{'chapter': 43, 'episode': 20}",Straw Hat Pirates,North Blue,"Mr. Prince,Black Leg",0,1,,
Sam,"{'chapter': 94, 'episode': 43}",Easter Egg,East Blue ,,,,,
Sancrin,"{'chapter': 557, 'episode': 456}",Current Unknown,,,,,,
Samurai Batts,"{'chapter': 117, 'episode': 70}",,Grand Line,,,,,
Salome,"{'chapter': 516, 'episode': 409}",Kuja,,,,,,
Samosa,"{'chapter': 908, 'episode': 889}",Levely,,,,,,
Saldeath,"{'chapter': 530, 'episode': 431}",Impel Down,Grand Line,,8,,,
Saber,"{'chapter': 552, 'episode': 461}",Spade Pirates,,,,,,
S-Snake,"{'chapter': 1059, 'episode': 1087}",,,,,,Mero Mero no Mi (Artificial),Paramecia
Saki,"{'chapter': 940, 'episode': 937}",,,,,,,
Saikoro,"{'chapter': 915, 'episode': 901}",,,,,,,
S-Shark,"{'chapter': 1065, 'episode': 1094}",,,,,,Sui Sui no Mi (Artificial),Paramecia
S-Bear,"{'chapter': 1062, 'episode': 1092}",,,,,,Nikyu Nikyu no Mi (Artificial),Paramecia
Ryunosuke,"{'chapter': 803, 'episode': 752}",,,,,,,
Russian,"{'chapter': 775, 'episode': 715}",,,,,,,
Ryuboshi,"{'chapter': 609, 'episode': 528}",Neptune Family,Grand Line ,,4,,,
Rush,"{'chapter': 558, 'episode': None}",Ally of the Whitebeard Pirates,,,,,,
Rowing,"{'chapter': 967, 'episode': 959}",Roger Pirates,,,,,,
Rosward,"{'chapter': 497, 'episode': 391}",World Government,Red Line ,,5,,,
Run,"{'chapter': 679, 'episode': 605}",Caesar Clown,,Run the Machete,,,,
Roshio,"{'chapter': 222, 'episode': 146}",Roshio Pirates,,Executioner,,42,,
S-Hawk,"{'chapter': 1059, 'episode': 1087}",,,,,,Supa Supa no Mi (Artifical),Paramecia
Roxanne,"{'chapter': 46, 'episode': None}",,East Blue,,,,,
Roronoa Zoro,"{'chapter': 3, 'episode': 1}",Straw Hat Pirates,East Blue,"Zoro-juurou,Pirate Hunter Zoro",1,1,,
Rolling Logan,"{'chapter': 706, 'episode': 652}",Majiatsuka Kingdom,,,,,,
Ross,"{'chapter': 223, 'episode': 146}",Bellamy Pirates,,,,,,
Rokkaku,"{'chapter': 4, 'episode': 2}",,East Blue,,,,,
Roji,"{'chapter': 391, 'episode': 275}",,,,,,,
Rokki,"{'chapter': 1036, 'episode': 1063}",,,,,,,
Rockstar,"{'chapter': 234, 'episode': 151}",Red Hair Pirates,,,,94,,
Roddy,"{'chapter': 805, 'episode': 754}",Mokomo Dukedom,,,,,,
Rocks D. Xebec,"{'chapter': 957, 'episode': 958}",Rocks Pirates,,,,,,
Roche,"{'chapter': 391, 'episode': 275}",Ohara Archaeologists,,,,,,
Robson,"{'chapter': 135, 'episode': 81}",,,,,,,
Rob Lucci,"{'chapter': 323, 'episode': 230}",CP0,Grand Line,Massacre Weapon,2,,"Neko Neko no Mi, Model: Leopard",Zoan
Ririka,"{'chapter': 4, 'episode': 2}",,East Blue,,,,,
Risky Brothers,"{'chapter': 451, 'episode': 344}",Perona,,,,,,
Ripper,"{'chapter': 7, 'episode': 3}","Marines, Marine 153rd Branch",East Blue,,,,,
Rint,"{'chapter': 391, 'episode': 275}",Ohara Archaeologists,,,,,,
Risky Brothers,"{'chapter': 475, 'episode': 369}",Rolling Pirates,,,,,,
Road,"{'chapter': 898, 'episode': 836}",,,,,,,
Rivers,"{'chapter': 223, 'episode': 146}",Bellamy Pirates,,,,,,
Rindo,"{'chapter': 516, 'episode': 410}",Kuja,Calm Belt ,,,,,
Reuder,"{'chapter': 550, 'episode': 459}",,,,,,,
Reforte,"{'chapter': 556, 'episode': 465}",Whitebeard Pirates,,,,,,
Rika,"{'chapter': 3, 'episode': 2}",Marine 153rd Branch,East Blue,,,,,
Riku Doldo III,"{'chapter': 706, 'episode': 636}",Riku Family,Grand Line ,"Ricky,King of Miracles",1,,,
Richie,"{'chapter': 9, 'episode': 6}",Cross Guild,,,,,,
Red King,"{'chapter': 1078, 'episode': None}",Marines,,,,,,
Recycle-Wan,"{'chapter': 1063, 'episode': 1092}",Vegapunk,,,,,,
Reck,"{'chapter': 1038, 'episode': 1065}",Kid Pirates,,,,,,
Ratel,"{'chapter': 1073, 'episode': None}",Marines,,,,,,
Rebecca,"{'chapter': 704, 'episode': 633}",Dressrosa,Grand Line ,The Undefeated Woman,1,,,
Rampo,"{'chapter': 711, 'episode': 641}",Tontatta Kingdom,,,,,,
Ramen,"{'chapter': 823, 'episode': 777}",Happo Navy,,,,,,
Ramba,"{'chapter': 551, 'episode': 460}",Subordinate of the Whitebeard Pirates,,,,,,
Ran,"{'chapter': 516, 'episode': 410}",Kuja,Calm Belt ,,,,,
Randolph,"{'chapter': 827, 'episode': 786}",Big Mom Pirates,,Crane Rider,,,,
Rakuyo,"{'chapter': 553, 'episode': 461}",Whitebeard Pirates,South Blue,,,,,
Rangram,"{'chapter': 966, 'episode': None}",Roger Pirates,,,,,,
Raki,"{'chapter': 249, 'episode': 163}",Shandia,Sky Islands ,,9,,,
Potaufeu,"{'chapter': 908, 'episode': 889}",Levely,,,,,,
Rakuda,"{'chapter': 929, 'episode': 922}",,,,,,,
Raizo,"{'chapter': 817, 'episode': 768}",Kozuki Family,Grand Line ,Raizo of the Mist,1,,Maki Maki no Mi,Paramecia
Potsun,"{'chapter': 217, 'episode': 130}",,,,,,,
Pound,"{'chapter': 831, 'episode': 792}",,Grand Line ,,1,,,
Portgas D. Rouge,"{'chapter': 550, 'episode': 0}",Gol D. Roger,,,,,,
Poro,"{'chapter': 14, 'episode': 8}",Orange Town,East Blue ,,,,,
Porchemy,"{'chapter': 583, 'episode': 494}",Bluejam Pirates,East Blue ,,0,3,,
Porche,"{'chapter': 305, 'episode': 207}",Foxy Pirates,,,,,,
Portgas D. Ace,"{'chapter': 154, 'episode': 91}",Whitebeard Pirates,South Blue ,Fire Fist,3,550,Mera Mera no Mi,Logia
Poppy,"{'chapter': 515, 'episode': 409}",Kuja,Calm Belt ,,,,,
Pomp,"{'chapter': 1029, 'episode': 1054}",Kid Pirates,,,,,,
Poppoko,"{'chapter': 2, 'episode': 1}",Alvida Pirates,East Blue,,,,,
Poker,"{'chapter': 997, 'episode': 982}","Beasts Pirates, Tama",,,,,,Zoan
Pluming,"{'chapter': 1083, 'episode': None}",World Government,,,,,,
Pomsky,"{'chapter': 1089, 'episode': None}",Marines,,,,,,
Pinky,"{'chapter': 8, 'episode': 4}",,East Blue,Monstrous Bird,,,,
Pike,"{'chapter': 652, 'episode': 572}",Marines,,,,,,
Pierre,"{'chapter': 237, 'episode': 153}",Gan Fall,,,,,Uma Uma no Mi,Zoan
Piiman,"{'chapter': 23, 'episode': 9}",,East Blue ,,0,,,
Pisaro,"{'chapter': 72, 'episode': 32}",Arlong Pirates,Grand Line ,,,,,
Pickles,"{'chapter': 309, 'episode': 210}",Foxy Pirates,,Tackle Machine,,,,
Pica,"{'chapter': 700, 'episode': 629}",Donquixote Pirates,North Blue,,0,99,Ishi Ishi no Mi,Paramecia
Peterman,"{'chapter': 499, 'episode': 393}",Hound Pets,,,,,,
Peppoko,"{'chapter': 2, 'episode': 1}",Alvida Pirates,East Blue,,,,,
Pellini,"{'chapter': 711, 'episode': 641}",Tontatta KingdomTontatta PiratesStraw Hat Grand Fleet,,,,,,
Penguin,"{'chapter': 498, 'episode': 392}",Heart Pirates,North Blue,,,,,
Perona,"{'chapter': 443, 'episode': 338}",Dracule Mihawk,West Blue,Ghost Princess,0,,Horo Horo no Mi,Paramecia
Petermoo,"{'chapter': 966, 'episode': 959}",Roger Pirates,,,,,,
Pekkori,"{'chapter': 524, 'episode': 421}",Harahettania,,,,,,
Pell,"{'chapter': 155, 'episode': 91}",Arabasta Kingdom,Grand Line ,Pell the Falcon,9,,"Tori Tori no Mi, Model: Falcon",Zoan
Pekoms,"{'chapter': 651, 'episode': 570}",Big Mom Pirates,,Nazoms,2,330,Kame Kame no Mi,Zoan
Pedro,"{'chapter': 805, 'episode': 754}",Mokomo Dukedom,Grand Line ,Pedro of the Treetops,3,382,,
Peepley Lulu,"{'chapter': 323, 'episode': 230}",Galley-La Company,Grand Line ,,6,,,
Paulie,"{'chapter': 323, 'episode': 230}",Galley-La Company,Grand Line ,,5,,,
Peachbeard,"{'chapter': 904, 'episode': 880}",Peachbeard Pirates,,,,52,,
Pavlik,"{'chapter': 553, 'episode': 477}",Whitebeard Pirates,,,,,,
Pearl,"{'chapter': 54, 'episode': 25}",Krieg Pirates,East Blue,Pearl the Iron Wall,9,,,
Pascia,"{'chapter': 501, 'episode': 394}",,South Blue,,,,,
Patty,"{'chapter': 44, 'episode': 21}",Baratie,East Blue,,4,,,
Papaneel,"{'chapter': 621, 'episode': 540}",,Grand Line ,,,,,
Pansy,"{'chapter': 515, 'episode': 409}",Kuja,Calm Belt ,,,,,
Pandora,"{'chapter': 867, 'episode': 837}",Carmel,,,,,,
Pankuta Dakeyan,"{'chapter': 525, 'episode': 422}",,Grand Line,,,,,
Pappag,"{'chapter': 195, 'episode': 385}",Criminal brand,Grand Line ,,0,,,
Pandawoman,"{'chapter': 517, 'episode': 409}",Easter egg,Calm Belt ,,,,,
Papas,"{'chapter': 1039, 'episode': 1066}",Kid Pirates,,,,,,
Page One,"{'chapter': 929, 'episode': 923}",,Grand Line,,1,290,"Ryu Ryu no Mi, Model: Spinosaurus",Zoan
Pagaya,"{'chapter': 239, 'episode': 154}",,Grand Line ,,9,,,
Outlook III,"{'chapter': 585, 'episode': 496}",,,,,,,
Orlumbus,"{'chapter': 704, 'episode': 632}",Yonta Maria Grand Fleet,Grand Line ,Massacre Ruler,0,148,,
Palms,"{'chapter': 553, 'episode': 470}",His own crew,,,,,,
Pandaman,"{'chapter': 44, 'episode': 16}",,Tibet,,0,3,,
Ossamondo,"{'chapter': 552, 'episode': 461}",Spade Pirates,,,,,,
Oran,"{'chapter': 391, 'episode': 275}",,,,,,,
Omasa,"{'chapter': 952, 'episode': 946}",,,Blood Letter Omasa,,,,
Oli,"{'chapter': 1076, 'episode': None}",Red Hair Pirates,,,,,,
Onigumo,"{'chapter': 420, 'episode': 302}",Marines,,,,,,
Oide,"{'chapter': 909, 'episode': 890}",,,,,,,
Okome,"{'chapter': 224, 'episode': 146}",Hokahoka Pirates,,,,,,
Okame,"{'chapter': 163, 'episode': 100}",Rebel Army,,,,,,
Octopako,"{'chapter': 203, 'episode': 531}",,Grand Line ,,,,,
Oimo,"{'chapter': 377, 'episode': 265}",Giant Warrior Pirates,Grand Line ,,0,,,
Ochoku,"{'chapter': 957, 'episode': 958}",,,,,,,
Nyasha,"{'chapter': 842, 'episode': 806}",,,,,,,
Nure-Onna,"{'chapter': 998, 'episode': 1013}",Beasts Pirates,,,,,,Zoan
Oars,"{'chapter': 456, 'episode': 350}",Thriller Bark Pirates,North Blue,"Devil,Oars the Continent-Puller",,,,
Nugire Yainu,"{'chapter': 37, 'episode': 10}",Black Cat Pirates,East Blue,,,,,
Noriko,"{'chapter': 940, 'episode': 937}",,,,,,,
Nubon,"{'chapter': 711, 'episode': 641}",Tontatta Kingdom,,,,,,
Nosgarl,"{'chapter': 579, 'episode': None}",Ally of the Whitebeard Pirates,,,,,,
Nora Gitsune,"{'chapter': 598, 'episode': 518}",Fake Straw Hat Crew,East Blue,,3,,,
Nola,"{'chapter': 255, 'episode': 168}",Shandia,,Master of the Sky,,,,
Nojiko,"{'chapter': 70, 'episode': 31}",,East Blue,,0,,,
Noble Croc,"{'chapter': 831, 'episode': 791}",Big Mom Pirates,,,,,,
Ninth,"{'chapter': 558, 'episode': None}",Ally of the Whitebeard Pirates,,,,,,
Nigeratta,"{'chapter': 398, 'episode': 278}",N/A,,,,,,
Nokotti,"{'chapter': 936, 'episode': 932}",Beasts Pirates,,,,,,
Nika,"{'chapter': 1018, 'episode': 1040}",,,Sun God Nika,,,,
Ninjin,"{'chapter': 23, 'episode': 9}",,East Blue ,,7,,,
Nitro,"{'chapter': 651, 'episode': 571}",Big Mom Pirates,,,,,,
Nico Olvia,"{'chapter': 392, 'episode': 275}",Ohara Archaeologists,West Blue ,,6,79,,
Nico Robin,"{'chapter': 114, 'episode': 67}",Straw Hat Pirates,West Blue,"Miss All Sunday,Devil Child,Light of the Revolution",8,930,Hana Hana no Mi,Paramecia
Nezumi,"{'chapter': 69, 'episode': 31}",Marines,East Blue,,2,,,
Nerona Imu,"{'chapter': 1085, 'episode': None}",,,,,,,
Nero,"{'chapter': 367, 'episode': 257}",,West Blue,Nero the Sea Weasel,2,,,
Nerine,"{'chapter': 514, 'episode': 408}",Kuja,Calm Belt ,,,,,
Neggy,"{'chapter': 906, 'episode': 884}",Levely,,,,,,
Nefertari Vivi,"{'chapter': 103, 'episode': 62}",,Grand Line ,Miss Wednesday,9,,,
Nefertari D. Lili,"{'chapter': 1084, 'episode': None}",Arabasta Kingdom,Grand Line ,,,,,
Natto,"{'chapter': 164, 'episode': 100}",Suna Suna Clan,,,,,,
Nefertari Titi,"{'chapter': 215, 'episode': 129}",Arabasta Kingdom,,,,,,
Nashi,"{'chapter': 906, 'episode': 884}",Levely,,,,,,
Nefertari Cobra,"{'chapter': 142, 'episode': 91}",Arabasta Kingdom,Grand Line ,,2,,,
Namur,"{'chapter': 552, 'episode': 461}",Whitebeard Pirates,Grand Line,,,,,
Napoleon,"{'chapter': 651, 'episode': 571}",Big Mom Pirates,,Napoleon the Bicorne,,,,
Nako,"{'chapter': 77, 'episode': 32}",,East Blue ,,,,,
Muret,"{'chapter': 223, 'episode': 146}",,,,,,,
Mummy Mee,"{'chapter': 79, 'episode': 35}",World Government Orphanage,East Blue ,,,,,
Nangi,"{'chapter': 988, 'episode': 997}",,,,,,,
Mukkashimi Tower,"{'chapter': 707, 'episode': 637}",,,,,,,
Mugren,"{'chapter': 966, 'episode': 966}",Roger Pirates,,,,,,
Muchana,"{'chapter': 536, 'episode': 437}",Impel Down,,,,,,
Mummy,"{'chapter': 706, 'episode': 652}",,,,,,,
Mr. Shimizu,"{'chapter': 107, 'episode': 64}",Baroque Works,Grand Line,,,,,
Sapoten Graveyard,"{'chapter': 107, 'episode': 64}",,,,,,,
Mr. Momora,"{'chapter': 966, 'episode': 966}",Roger Pirates,,,,,,
Mr. 13,"{'chapter': 105, 'episode': 63}",,Grand Line,,,,,
Mounblutain,"{'chapter': 598, 'episode': 517}",Fake Straw Hat Crew,East Blue,,4,,,
Motobaro,"{'chapter': 494, 'episode': 388}",Rosy Life Riders,Grand Line ,,,,,
Mosh,"{'chapter': 1038, 'episode': 1065}",Kid Pirates,,,,,,
Mornin,"{'chapter': 23, 'episode': None}",,East Blue ,,,,,
Morley,"{'chapter': 904, 'episode': 880}",,West Blue,Morley of Fur,3,293,Oshi Oshi no Mi,Paramecia
Morgans,"{'chapter': 860, 'episode': 828}",World Economy News Paper,Grand Line,Big News,5,,"Tori Tori no Mi, Model: Albatross",Zoan
Motzel,"{'chapter': 43, 'episode': 20}",,East Blue,,,,,
Mororon,"{'chapter': 905, 'episode': 882}",,,,,,,
Moqueca,"{'chapter': 906, 'episode': 884}",Levely,,,,,,
Monjiro,"{'chapter': 926, 'episode': 918}",Kozuki Family,,,,,,
Moon Isaac Jr.,"{'chapter': 966, 'episode': 969}",Roger Pirates,,,,,,
Monjii,"{'chapter': 807, 'episode': 756}",Mokomo Dukedom,,,,,,
Monet,"{'chapter': 657, 'episode': 581}",Donquixote Pirates,North Blue,,7,,Yuki Yuki no Mi,Logia
Monda,"{'chapter': 306, 'episode': 209}",Foxy Pirates,,,,,,
Momoo,"{'chapter': 73, 'episode': 31}",,Grand Line,Momoo the Sea Cow,,,,
Moda,"{'chapter': 278, 'episode': 381}",Revolutionary Army,,,,,,
Mochi,"{'chapter': 274, 'episode': 180}",Angel Island,,,,,,
Mocha,"{'chapter': 657, 'episode': 582}",,Grand Line ,,2,,,
Momonga,"{'chapter': 420, 'episode': 302}",Marines G-1 Branch,Grand Line,,1,,,
MocDonald,"{'chapter': 445, 'episode': 340}",Thriller Bark Pirates,,,,,,
Moai,"{'chapter': 1040, 'episode': None}",Kid Pirates,,,,,,
Mizuta Madaisuki,"{'chapter': 487, 'episode': 379}",Rumbar Pirates,,,,,,
Mizuta Mawaritosuki,"{'chapter': 488, 'episode': 379}",Rumbar Pirates,,,,,,
Mizuira,"{'chapter': 391, 'episode': 275}",Ohara,,,,,,
Mizerka,"{'chapter': 978, 'episode': 982}",,,,,,,Zoan
Miyagi,"{'chapter': 807, 'episode': 756}",Mokomo Dukedom,,,,,,
Miss Friday,"{'chapter': 105, 'episode': 63}",,Grand Line,,,,,
Miss Catherina,"{'chapter': 106, 'episode': 64}",Baroque Works,East Blue,,,,,
Misery,"{'chapter': 1039, 'episode': 1066}",Big Mom Pirates,,,,,,
Minozebra,"{'chapter': 533, 'episode': 434}",Impel Down,,,,,,
Minotaurus,"{'chapter': 525, 'episode': 422}",Impel Down,,,,,,
Minister of the Left,"{'chapter': 612, 'episode': 531}",Ryugu Kingdom,Grand Line ,,5,,,
Minorhinoceros,"{'chapter': 532, 'episode': 433}",Impel Down,,,,,,
Minoruba,"{'chapter': 498, 'episode': 392}",Sabaody Archipelago,,,,,,
Minister of the Right,"{'chapter': 612, 'episode': 531}",Ryugu Kingdom,Grand Line ,,3,,,
Minokoala,"{'chapter': 531, 'episode': 432}",Impel Down,,,,,,
Minochihuahua,"{'chapter': 662, 'episode': None}",Impel Down,,,,,,
Minatomo,"{'chapter': 909, 'episode': 892}",,,,,,,
Millet Pine,"{'chapter': 966, 'episode': 959}",Roger Pirates,,,,,,
Milky,"{'chapter': 807, 'episode': 757}",Mokomo Dukedom,,,,,,
Mikio Itoo,"{'chapter': 1, 'episode': None}",,East Blue,,,1,,
Mihar,"{'chapter': 552, 'episode': 461}","Spade Pirates, Whitebeard Pirates",,Indoor Mihar,,,,
Mikazuki,"{'chapter': 323, 'episode': 230}",Big Helmet Pirates,,,,36,,
Mikita,"{'chapter': 110, 'episode': 65}",New Spiders Cafe,West Blue,"Miss Valentine,Courier",7,7,Kiro Kiro no Mi,Paramecia
Merry,"{'chapter': 24, 'episode': 11}",Kaya,East Blue ,,,,,
Mecha-Shark,"{'chapter': 1061, 'episode': 1089}",Vegapunk,,,,,,
Mero,"{'chapter': 608, 'episode': 527}",Mermaid Cafe,Grand Line ,,,,,
Meadows,"{'chapter': 706, 'episode': 659}",Corrida Colosseum,,,,,,
Megalo,"{'chapter': 605, 'episode': 525}",Ryugu Kingdom,,,,,,
McKinley,"{'chapter': 241, 'episode': 155}",White Berets,,,,,,
McGuy,"{'chapter': 551, 'episode': 460}",Subordinate of the Whitebeard Pirates,,Thunder Lord,,,,
Mayushika,"{'chapter': 269, 'episode': 176}",Shandia,,,,,,
MAX Marx,"{'chapter': 966, 'episode': 967}",Roger Pirates,,,,,,
Maynard,"{'chapter': 705, 'episode': 634}",Marines,,"Capman,Maynard the Pursuer",,,,
Maujii,"{'chapter': 755, 'episode': 692}",Tontatta Kingdom,,,,,,
Matryo Princesses,"{'chapter': 905, 'episode': 882}",,,,,,,
Master of the Waters,"{'chapter': 319, 'episode': 227}",None,,,,,,
Master,"{'chapter': 233, 'episode': 145}",,,,,,,
Massui,"{'chapter': 911, 'episode': 893}",Beasts Pirates,,,,,,
Matsuge,"{'chapter': 162, 'episode': 93}",,Grand Line ,,0,,,
Masked Deuce,"{'chapter': 552, 'episode': 461}",Spade Pirates,,,,,,
Mash,"{'chapter': 204, 'episode': None}",Sea Floor,,,,,,
Marumieta,"{'chapter': 436, 'episode': None}",,,,,,,
Masira,"{'chapter': 219, 'episode': 144}",,North Blue,Salvage King,5,23,,
Marie,"{'chapter': 499, 'episode': 393}",Saint Charlos,Grand Line,,,,,
Marilyn,"{'chapter': 300, 'episode': 193}",Neutral civilian,,,,,,
Marianne,"{'chapter': 117, 'episode': 70}",New Spiders Cafe,North Blue,"Miss Goldenweek,Flag-Bearer of Freedom",5,29,,
Maria Napole,"{'chapter': 649, 'episode': 569}",Fish-Man Island,Grand Line ,,,,,
Mari,"{'chapter': 906, 'episode': 884}",Levely,,,,,,
Marguerite,"{'chapter': 514, 'episode': 408}",Kuja,Calm Belt ,,8,,,
Margarita,"{'chapter': 483, 'episode': 375}",Neutral civilian,,,,,,
Manboshi,"{'chapter': 609, 'episode': 528}",Neptune Family,Grand Line ,,3,,,
Mani,"{'chapter': 223, 'episode': 146}",Bellamy Pirates,,,,,,
Marcus Mars,"{'chapter': 233, 'episode': 151}",Five Elders,,,,,,
Manjaro,"{'chapter': 598, 'episode': 518}",Fake Straw Hat Crew,East Blue,,2,,,
Mansherry,"{'chapter': 717, 'episode': 647}",Tontatta Kingdom,Grand Line ,,0,,Chiyu Chiyu no Mi,Paramecia
Makko,"{'chapter': 216, 'episode': None}",Marines,,,,,,
Mashikaku,"{'chapter': 98, 'episode': 48}",Marines,East Blue,,,,,
Marco,"{'chapter': 234, 'episode': 151}",,Grand Line,Marco the Phoenix,3,1,"Tori Tori no Mi, Model: Phoenix",Zoan
Makino,"{'chapter': 1, 'episode': 4}",Partys Bar,East Blue ,,6,,,
Maidy,"{'chapter': 215, 'episode': 129}",Nefertari Family,,,,,,
Maki,"{'chapter': 925, 'episode': 917}",Blackbeard Pirates,,,,,,
Maha,"{'chapter': 929, 'episode': 922}",CP0,,,,,,
Macro,"{'chapter': 197, 'episode': 386}",Macro Pirates,Grand Line ,,,,,
Lu Feld,"{'chapter': 860, 'episode': 828}",Lu Feld Conglomerate,,God of Fortune,,,,
Machvise,"{'chapter': 682, 'episode': 608}",Donquixote Pirates,North Blue,,0,11,Ton Ton no Mi,Paramecia
Lulis,"{'chapter': 608, 'episode': 527}",Mermaid Cafe,Grand Line ,,,,,
Lord of the Coast,"{'chapter': 1, 'episode': 4}",,East Blue,,,,,
Lola,"{'chapter': 451, 'episode': 345}",Thriller Bark Pirates,,,,,,
Lonz,"{'chapter': 550, 'episode': 459}","Marines, Giant Squad",,,,,,
Loki,"{'chapter': 858, 'episode': 827}",,,,,,,
Little Oars Jr.,"{'chapter': 554, 'episode': 463}",Little Pirates,Grand Line,,,550,,
Lionbuta,"{'chapter': 22, 'episode': 18}",Animals of the Island of Rare Animals,,,,,,
Linaria,"{'chapter': 1079, 'episode': None}",Night Butterfly Pirates,,Igniting Linaria,,,,
Leonero,"{'chapter': 552, 'episode': 461}",Spade Pirates,,,,,,
Lines,"{'chapter': 44, 'episode': 21}",,East Blue,,,,,
Lindbergh,"{'chapter': 904, 'episode': 880}",,,,9,316,,
Lily,"{'chapter': 223, 'episode': 146}",Bellamy Pirates,,,,,,
Lilith,"{'chapter': 1061, 'episode': 1090}",,,,,,,
Limejuice,"{'chapter': 1, 'episode': 4}",Red Hair Pirates,,,,,,
Leo,"{'chapter': 710, 'episode': 640}",Tontatta Kingdom,Grand Line ,Warrior,3,,Nui Nui no Mi,Paramecia
Lassoo,"{'chapter': 160, 'episode': 103}",New Spiders Cafe,,,,,"Inu Inu no Mi, Model: Dachshund",Zoan
Lemoncheese,"{'chapter': 906, 'episode': 884}",Levely,,,,,,
Laskey,"{'chapter': 392, 'episode': 276}",,,,,,,
Kurozumi Semimaru,"{'chapter': 965, 'episode': 965}",,,,,,Bari Bari no Mi,Paramecia
Lao G,"{'chapter': 682, 'episode': 608}",Donquixote Pirates,North Blue,,7,61,,
Kyuin,"{'chapter': 755, 'episode': 692}",,,,,,,
Kyuji,"{'chapter': 302, 'episode': 381}",Marines,,,,,,
Kurozumi Tama,"{'chapter': 911, 'episode': 893}",Kurozumi Family,,,8,,Kibi Kibi no Mi,Paramecia
Kurozumi Orochi,"{'chapter': 927, 'episode': 921}",,Grand Line ,,0,,"Hebi Hebi no Mi, Model: Yamata no Orochi",Zoan
Kurozumi Higurashi,"{'chapter': 965, 'episode': 965}",,,,,,Mane Mane no Mi,Paramecia
Kuromarimo,"{'chapter': 131, 'episode': 79}",,Grand Line ,,6,,,
Kurotsuru,"{'chapter': 276, 'episode': None}",,,,,,,
Kurosawa,"{'chapter': 920, 'episode': 911}",Kozuki Family,,,,,,
Kuroobi,"{'chapter': 69, 'episode': 31}",Arlong Pirates,Grand Line ,,2,9,,
Kurokoma,"{'chapter': 960, 'episode': None}",Kurokoma Familyâ€Ž,,,,,,
Kuni,"{'chapter': 927, 'episode': 919}",Kyoshiro Family,,,,,,
Kumashi,"{'chapter': 449, 'episode': 343}",,,,,,,
Kumagoro,"{'chapter': 929, 'episode': 922}",,,,,,,
Krieg,"{'chapter': 45, 'episode': 21}",Krieg Pirates,East Blue,"Don Krieg,Pirate Fleet Admiral,Ruler of the East Blue,Foul Play Krieg",3,17,,
Kuro,"{'chapter': 23, 'episode': 9}",Black Cat Pirates,East Blue,"Klahadore,Kuro of a Hundred Plans",7,16,,
Kureha,"{'chapter': 134, 'episode': 80}",Sakura Kingdom,Grand Line ,"Doctorine,Witch,Master of Doctors",8,,,
Kozuki Toki,"{'chapter': 919, 'episode': 893}",Kozuki Family,,,0,,Toki Toki no Mi,Paramecia
Kunyun,"{'chapter': 1020, 'episode': 1042}",,,,,,,
Kozuki Sukiyaki,"{'chapter': 911, 'episode': 894}",Kozuki Family,,Tenguyama Hitetsu,4,,,
Koze and Packy,"{'chapter': 96, 'episode': 48}",Yes Pirates,East Blue,,,,,
Koza,"{'chapter': 163, 'episode': 93}",Arabasta Kingdom,Grand Line ,,7,,,
Kozuki Hiyori,"{'chapter': 909, 'episode': 892}",Kozuki Family,Grand Line ,Komurasaki,0,,,
Kozuki Oden,"{'chapter': 920, 'episode': 910}",Kozuki Family,Grand Line ,Idiot Lord,2,,,
Koyama,"{'chapter': 960, 'episode': 960}",Kozuki Family,,,,,,
Kotetsu,"{'chapter': 912, 'episode': 897}",,,,,,,
Kop,"{'chapter': 325, 'episode': 231}",Franky Family,,,,,,
Konbu,"{'chapter': 657, 'episode': 582}",,,,,,,
Kotatsu,"{'chapter': 552, 'episode': 461}",Spade Pirates,,,,,,
Komane,"{'chapter': 903, 'episode': 879}",Lulusia Kingdom,,,,,,
Kozuki Momonosuke,"{'chapter': 684, 'episode': 609}",Kozuki Family,Grand Line ,,0,,"Uo Uo no Mi, Model: Seiryu (Artificial)",Zoan
Kong,"{'chapter': 0, 'episode': 0}",World Government,,,,,,
Komachiyo,"{'chapter': 910, 'episode': 892}",Kurozumi Tama,,,,,,
Kobe,"{'chapter': 929, 'episode': 922}",,,,,,,
Kokoro,"{'chapter': 322, 'episode': 229}",Tom's Workers,Grand Line ,,8,,,
Kojuro,"{'chapter': 926, 'episode': 918}",Kozuki Family,,,,,,
Koito,"{'chapter': 930, 'episode': 923}",,,,,,,
Koda,"{'chapter': 285, 'episode': 381}",Marines,,,,,,
Koala,"{'chapter': 622, 'episode': 541}",Revolutionary Army,,,0,,,
Koby,"{'chapter': 2, 'episode': 1}",,East Blue,Hero,7,500,,
Kitton,"{'chapter': 523, 'episode': 418}",,,,,,,
Kisegawa,"{'chapter': 929, 'episode': 922}",,,,,,,
Kirintauros,"{'chapter': 658, 'episode': 582}",Caesar Clown,,,,,,
Kirinkodanuki,"{'chapter': 22, 'episode': 18}",Animals of the Island of Rare Animals,,,,,,
Kinoko,"{'chapter': 536, 'episode': 437}",Buggy Pirates,,,,100,,
Kingdew,"{'chapter': 562, 'episode': 461}",Whitebeard Pirates,Grand Line,,,,,
Kingbaum,"{'chapter': 836, 'episode': 797}",Big Mom Pirates,Grand Line ,,0,,,
Kinderella,"{'chapter': 261, 'episode': 778}",Evil Black Drum Kingdom,,Miss Universe,,,,
Kinbo,"{'chapter': 917, 'episode': 904}",,,,,,,
Kimel,"{'chapter': 552, 'episode': 461}",Spade Pirates,,,,,,
Kin'emon,"{'chapter': 656, 'episode': 580}",Kozuki Family,Grand Line ,Foxfire Kin'emon,5,,Fuku Fuku no Mi,Paramecia
Kinga,"{'chapter': 570, 'episode': 467}",Whitebeard Pirates,,,,,,
Kikyo,"{'chapter': 514, 'episode': 408}",Kuja,Calm Belt ,,,,,
King,"{'chapter': 920, 'episode': 910}",Beasts Pirates,Grand Line,King the Conflagration,3,1,"Ryu Ryu no Mi, Model: Pteranodon",Zoan
Kikipatsu,"{'chapter': 925, 'episode': 917}",Blackbeard Pirates,,,,,,
Kiku,"{'chapter': 515, 'episode': 409}",Kuja,,,,,,
Killer,"{'chapter': 498, 'episode': 392}",Kid Pirates,South Blue,"Kamazo the Manslayer,Massacre Soldier",5,200,,
Kibagaeru,"{'chapter': 306, 'episode': 208}",Foxy Pirates,,,,,,
Kibin,"{'chapter': 594, 'episode': 475}",Marines,,,,,,
Kelly Funk,"{'chapter': 704, 'episode': 633}",Mogaro Kingdom,Grand Line ,,8,57,Jake Jake no Mi,Paramecia
Karasu,"{'chapter': 593, 'episode': 510}",,North Blue,,5,400,Susu Susu no Mi,Logia
Karma,"{'chapter': 553, 'episode': 467}",Takotopus Pirates,,,,,,
Kappa,"{'chapter': 167, 'episode': 105}",,,,,,,
Kiev,"{'chapter': 325, 'episode': 231}",Franky Family,,,,,,
Kanezenny,"{'chapter': 398, 'episode': 278}",,,,,,,
Kasa,"{'chapter': 594, 'episode': 511}",Raijin Island,,,,,,
Karoo,"{'chapter': 109, 'episode': 65}",,Grand Line ,,0,,,
Kamakiri,"{'chapter': 249, 'episode': 163}",Shandia,Sky Islands ,,4,,,
Kakunoshin,"{'chapter': 926, 'episode': 918}",Kozuki Family,,,,,,
Kalgara,"{'chapter': 286, 'episode': 187}",Shandia,Grand Line,Shandora's Demon,2,,,
Kamekichi,"{'chapter': 926, 'episode': 918}",,,,,,,
Kakukaku,"{'chapter': 334, 'episode': 237}",,,,,,,
Kaneshiro,"{'chapter': 72, 'episode': 31}",Arlong Pirates,Grand Line ,,,,,
Kamijiro,"{'chapter': 914, 'episode': 901}",Beasts Pirates,,,,,,
Kaku,"{'chapter': 927, 'episode': 919}",Kyoshiro Family,,,,,,
Kairiken,"{'chapter': 498, 'episode': 392}",Sabaody Archipelago,,,,,,
Kairen,"{'chapter': 608, 'episode': 527}",Mermaid Cafe,Grand Line ,,,,,
Kagikko,"{'chapter': 64, 'episode': None}",Krieg Pirates,East Blue,,,,,
Kagero,"{'chapter': 920, 'episode': 909}",Kozuki Family,,,,,,
Kadar,"{'chapter': 622, 'episode': 541}","Marines, G-2",,,,,,
Kairo Kureyo,"{'chapter': 535, 'episode': 437}",,,,,100,,
Kaidou,"{'chapter': 795, 'episode': 736}",Beasts Pirates,Grand Line,Kaidou of the Beasts,0,4,"Uo Uo no Mi, Model: Seiryu",Zoan
Kabu,"{'chapter': 710, 'episode': 640}",Tontatta Kingdom,,,,,"Mushi Mushi no Mi, Model: Kabutomushi",Zoan
Julius,"{'chapter': 578, 'episode': 489}",Ally of the Whitebeard Pirates,,,,,,
Judy,"{'chapter': 499, 'episode': 393}",Marie,Grand Line,,,,,
Juki,"{'chapter': 977, 'episode': 982}",,,,,,,
Kaku,"{'chapter': 323, 'episode': 230}",CP0,East Blue,Mountain Wind,3,,"Ushi Ushi no Mi, Model: Giraffe",Zoan
Junan,"{'chapter': 611, 'episode': 530}",Criminal,Grand Line ,,,,,
Jozu,"{'chapter': 234, 'episode': 151}",Whitebeard Pirates,West Blue,Diamond,3,,Kira Kira no Mi,Paramecia
Jujiro,"{'chapter': 926, 'episode': 918}",Kozuki Family,,,,,,
Kalifa,"{'chapter': 323, 'episode': 230}",CP0,Grand Line,,5,,Awa Awa no Mi,Paramecia
Joshu,"{'chapter': 1065, 'episode': 1095}",Edison,,,,,,
Joseph,"{'chapter': 705, 'episode': 635}",CP0,,,,,,
Jorge,"{'chapter': 353, 'episode': 248}",World Government,,,,,,
Joy Boy,"{'chapter': 628, 'episode': 548}",,,,,,,
Jorul,"{'chapter': 866, 'episode': 836}",Giant Warrior Pirates,Grand Line ,Waterfall Beard,0,,,
Johnny,"{'chapter': 42, 'episode': 19}",Yosaku,East Blue,,6,,,
John Giant,"{'chapter': 96, 'episode': 45}",Marines,,,,,,
Jobo,"{'chapter': 232, 'episode': 150}",,,,,,,
Jo,"{'chapter': 948, 'episode': 947}",Ninja-Pirate-Mink-Samurai Alliance,,,,,,
Jizo,"{'chapter': 951, 'episode': 951}",Beasts Pirates,,,,,,
Jiron,"{'chapter': 1082, 'episode': None}",Revolutionary Army,,,,,,
Jigoku Benten,"{'chapter': 931, 'episode': 925}",Beasts Pirates,Wano Country,,5,,,
Jinbe,"{'chapter': 528, 'episode': 430}",Straw Hat Pirates,Grand Line ,Knight of the Sea,1,1,,
Jigra,"{'chapter': 860, 'episode': 830}",Underworld,,,,,,
Jigoro,"{'chapter': 452, 'episode': 346}",Thriller Bark Pirates,West Blue,Jigoro of the Wind,8,,,
Jibuemon,"{'chapter': 920, 'episode': 911}",Kozuki Family,,,,,,
Jean Ango,"{'chapter': 706, 'episode': 639}",,,Jean the Bandit,,,,
Jean Bart,"{'chapter': 497, 'episode': 391}",Heart Pirates,,,,,,
Jarul,"{'chapter': 866, 'episode': 836}",Giant Warrior Pirates,Grand Line ,Mountain Beard,0,,,
Jalmack,"{'chapter': 588, 'episode': 502}",World Government,,,,,,
Jaygarcia Saturn,"{'chapter': 233, 'episode': 151}",Five Elders,,,,,,
Jaki,"{'chapter': 954, 'episode': 955}",,,,,,,
Jacksonbanner,"{'chapter': 967, 'episode': 968}",Roger Pirates,,,,,,
Jaguar,"{'chapter': 1039, 'episode': 1067}",Kid Pirates,,,,,,
Jango,"{'chapter': 25, 'episode': 9}",Marines,East Blue,"One-Two,Jango the Turncoat",7,9,,
Jaguar D. Saul,"{'chapter': 392, 'episode': 275}",,South Blue,,0,,,
Iyan'eno Chinode,"{'chapter': 1074, 'episode': None}",World Economy News Paper,,,,,,
Zombie,"{'chapter': 444, 'episode': 339}",,,,,,,
Itomimizu,"{'chapter': 306, 'episode': 209}",Foxy Pirates,,,,,,
Jack,"{'chapter': 801, 'episode': 746}",Beasts Pirates,Grand Line,Jack the Drought,0,1,"Zou Zou no Mi, Model: Mammoth",Zoan
Jabra,"{'chapter': 375, 'episode': 264}",CP0,North Blue,,2,,"Inu Inu no Mi, Model: Wolf",Zoan
Iwatobi,"{'chapter': 823, 'episode': 777}",Levely,,,,,,
Izou,"{'chapter': 553, 'episode': 461}",Kozuki Family,Grand Line ,,2,510,,
Islewan,"{'chapter': 553, 'episode': 462}",Whitebeard Pirates,,,,,,
Island Eater,"{'chapter': 128, 'episode': 77}",,Grand Line,,,,,
Isa,"{'chapter': 256, 'episode': 168}",Shandia,,,,,,
Ishilly,"{'chapter': 608, 'episode': 527}",Mermaid CafÃ©,Grand Line ,,,,,
Ishigo Shitemanna,"{'chapter': 325, 'episode': 231}",,,,,,,
Issho,"{'chapter': 701, 'episode': 630}",Marines,Grand Line,Fujitora,0,3,Zushi Zushi no Mi,Paramecia
Ipponume,"{'chapter': 97, 'episode': 49}",Loguetown Arms Shop,East Blue,,,,,
Inuppe,"{'chapter': 451, 'episode': 345}",Thriller Bark,,,,,,
Ipponmatsu,"{'chapter': 97, 'episode': 49}",Loguetown Arms Shop,East Blue ,,7,,,
Inukai,"{'chapter': 932, 'episode': 926}",,,,,,,
Inoichibannosuke,"{'chapter': 917, 'episode': 904}",,,,,,,
Inhel,"{'chapter': 718, 'episode': 648}",Tontatta Kingdom Scouting Unit,,,,,,
Inuarashi,"{'chapter': 808, 'episode': 756}",Mokomo Dukedom,Grand Line ,Duke Inuarashi,1,,,
Indigo,"{'chapter': 0, 'episode': 429}",Golden Lion Pirates,,,,,,
Inbi,"{'chapter': 954, 'episode': 955}",,,,,,,
Imu,"{'chapter': 906, 'episode': 885}",World Government,,,,,,
Ikkaku,"{'chapter': 915, 'episode': 902}",,,,,,,
Ikkaku,"{'chapter': 810, 'episode': 757}",Heart Pirates,,,,,,
Inazuma,"{'chapter': 536, 'episode': 438}",Kamabakka Kingdom,South Blue,,8,100,Choki Choki no Mi,Paramecia
Ikaros Much,"{'chapter': 611, 'episode': 530}",New Fish-Man Pirates,Grand Line ,,9,,,
Ideaman,"{'chapter': 55, 'episode': 25}",Krieg Pirates,East Blue,,,,,
Ideo,"{'chapter': 706, 'episode': 633}",Ideo Pirates,Grand Line,Destruction Cannon,5,,,
Medaka Mermaid Quintuplets,"{'chapter': 608, 'episode': 527}",Neutral,Grand Line ,,,,,
Igaram,"{'chapter': 106, 'episode': 64}",Arabasta,Grand Line ,"Mr. 8,Igarappoi",8,,,
Ibusu,"{'chapter': 738, 'episode': 671}",Doerena Kingdom,,,,,,
Ibiributsu,"{'chapter': 926, 'episode': 919}",Beasts Pirates,,,,,,
Iceburg,"{'chapter': 323, 'episode': 230}",Galley-La Company,Grand Line ,,9,,,
Hyoutauros,"{'chapter': 658, 'episode': 582}",Caesar Clown,,,,,,
Humphrey,"{'chapter': 598, 'episode': 517}",Sabaody Archipelago,,,,,,
Hustle,"{'chapter': 60, 'episode': None}",Krieg Pirates,East Blue,,,,,
Hublot,"{'chapter': 552, 'episode': 461}",Spade Pirates,,,,,,
Hyouzou,"{'chapter': 607, 'episode': 527}",New Fish-Man Pirates,Grand Line ,,7,,,
House,"{'chapter': 1038, 'episode': 1067}",Kid Pirates,,,,,,
Hound,"{'chapter': 1078, 'episode': None}",Marines,,,,,,
Hyogoro,"{'chapter': 926, 'episode': 919}",,,"Grandpa Hyo,Hyogoro of the Flower",0,,,
Hototogisu,"{'chapter': 766, 'episode': 705}",Marines,,,,,,
Hotori and Kotori,"{'chapter': 261, 'episode': 171}",God's Army,Sky Islands ,,9,,,
Hotei,"{'chapter': 951, 'episode': 951}",Beasts Pirates,,,,,,
Hop,"{'chapter': 1040, 'episode': None}",Kid Pirates,,,,,,
Honner,"{'chapter': 287, 'episode': 187}",,Lvneel Kingdom,,,,,
Hongo,"{'chapter': 1, 'episode': 489}",Red Hair Pirates,,,,,,
Home,"{'chapter': 921, 'episode': 912}",Mt. Atama Thieves,,,,,,
Holy,"{'chapter': 241, 'episode': 155}",God's Army,,,,,,
Michael and Hoichael,"{'chapter': 432, 'episode': 313}",Auntie,,,,,,
Hoe,"{'chapter': 611, 'episode': 530}",King Neptune,,,,,,
Holed'em,"{'chapter': 915, 'episode': 901}",Beasts Pirates,Wano Country,,2,,,Zoan
Hocker,"{'chapter': 12, 'episode': 6}",Chouchou,East Blue ,,,,,
Ho,"{'chapter': 213, 'episode': 128}",Nefertari Family,,,,,,
Hocha,"{'chapter': 391, 'episode': 275}",Ohara Archaeologists,,,,,,
Hogback,"{'chapter': 446, 'episode': 340}",,West Blue,Doctor Hogback,3,,,
Hody Jones,"{'chapter': 608, 'episode': 527}",New Fish-Man Pirates,Grand Line ,,1,,,
Hitsugisukan,"{'chapter': 963, 'episode': 968}",Mokomo Dukedom,,,,,,
Hiroshi,"{'chapter': 915, 'episode': 901}",,,,,,,
Hiramera,"{'chapter': 608, 'episode': 527}",Mermaid CafÃ©,Grand Line ,,,,,
Hippo Gentleman,"{'chapter': 451, 'episode': 345}",Thriller Bark Pirates,,,,,,
Hip,"{'chapter': 1038, 'episode': 1065}",Kid Pirates,,,,,,
Hinokizu,"{'chapter': 1056, 'episode': 1083}",,,,,,,
Hiriluk,"{'chapter': 141, 'episode': 85}",,Grand Line ,,3,,,
Hina,"{'chapter': 171, 'episode': 127}",,West Blue,Black Cage Hina,1,,Ori Ori no Mi,Paramecia
Hildon,"{'chapter': 444, 'episode': 339}",Thriller Bark Pirates,,,,,,
Heat,"{'chapter': 500, 'episode': 394}",Kid Pirates,South Blue,,,,,
Hatcha,"{'chapter': 981, 'episode': 987}",,Punk Hazard,,0,,,
Haruta,"{'chapter': 553, 'episode': 461}",Whitebeard Pirates,South Blue,,,,,
Hattori,"{'chapter': 323, 'episode': 230}",CP0,,,,,,
Harisenbon,"{'chapter': 617, 'episode': 555}",New Fish-Man Pirates,Grand Line ,,,,,
Hasami,"{'chapter': 176, 'episode': 110}",Ukkari Hot-Spring Island,,,,,,
Haredas,"{'chapter': 523, 'episode': 418}",,Sky Islands ,,3,,,
Haritsu Kendiyo,"{'chapter': 594, 'episode': 511}",,,,,,,
Hara,"{'chapter': 919, 'episode': 909}",,,,,,,
Happygun,"{'chapter': 578, 'episode': 487}",Whitebeard Pirates,,,,,,
Hanzo,"{'chapter': 931, 'episode': 925}",Beasts Pirates,Wano Country,,4,,,
Happa Yamao,"{'chapter': 341, 'episode': 241}",,,,,,,
Hanji,"{'chapter': 949, 'episode': 947}",Ninja-Pirate-Mink-Samurai Alliance,,,,,,
Hanji,"{'chapter': 929, 'episode': 922}",,,,,,,
Hanger,"{'chapter': 97, 'episode': 48}",Robecca Hanberg,East Blue,,,,,
Hangan,"{'chapter': 556, 'episode': 465}",Ally of the Whitebeard Pirates,,,,,,
Hannyabal,"{'chapter': 525, 'episode': 422}",Impel Down,South Blue,,9,,,
Han,"{'chapter': 940, 'episode': 937}",,,,,,,
Hana,"{'chapter': 971, 'episode': 973}",,,,,,,
Hammond,"{'chapter': 607, 'episode': 526}",New Fish-Man Pirates,Grand Line ,,,,,
Hamlet,"{'chapter': 994, 'episode': 982}",Beasts Pirates,,,,,,Zoan
Ham Burger,"{'chapter': 823, 'episode': 777}",,,,,,,
Hakugan,"{'chapter': 810, 'episode': 757}",Heart Pirates,,,,,,
Hakowan,"{'chapter': 245, 'episode': 778}",Wapol,,,,,,
Hamburg,"{'chapter': 305, 'episode': 207}",Foxy Pirates,,Four-Footed Dash Freak,,,,
Hack,"{'chapter': 391, 'episode': 275}",Ohara Archaeologists,,,,,,
Gyro,"{'chapter': 611, 'episode': 530}",,,Crab-Hand Gyro,,73,,
Gyoru,"{'chapter': 1, 'episode': 45}",,East Blue ,,,,,
Hajrudin,"{'chapter': 706, 'episode': 639}",Straw Hat Grand Fleet,Grand Line ,,0,,,
Gyaro,"{'chapter': 197, 'episode': 386}",Macro Pirates,Grand Line ,,,,,
Hack,"{'chapter': 706, 'episode': 633}",Revolutionary Army,Grand Line ,Hundredth Dan Hack,0,,,
Gyogyo,"{'chapter': 498, 'episode': 392}",Bonney Pirates,South Blue,,,,,
Great Michael,"{'chapter': 563, 'episode': None}",Ally of the Whitebeard Pirates,,,,,,
Guernica,"{'chapter': 705, 'episode': 635}",CP0,,,,,,
Gram,"{'chapter': 391, 'episode': 275}",Ohara Archaeologists,,,,,,
Grabar,"{'chapter': 717, 'episode': 647}",Tontatta Kingdom,,,,,,
Goro,"{'chapter': 316, 'episode': None}",Ukkari Hot-Spring Island,,,,,,
Gorobe,"{'chapter': 924, 'episode': 916}",,,,,,,
Gorilla,"{'chapter': 596, 'episode': 514}",Marines,,,,,,
Gotti,"{'chapter': 825, 'episode': 783}",Fire Tank Pirates,West Blue,,5,90,,
Gorishiro,"{'chapter': 978, 'episode': 982}",Beasts Pirates,,,,,,
Guillotine,"{'chapter': 1078, 'episode': None}",Marines,,,,,,
Goo,"{'chapter': 483, 'episode': 375}",Pirate crew,,,,,,
Gonbe,"{'chapter': 322, 'episode': 229}",Chimney,,,,,,
Goldfish Princess,"{'chapter': 189, 'episode': None}",Goldfish Empire,,,,,,
Gomorrah,"{'chapter': 366, 'episode': 256}",Franky Family,,,,,,
Goldberg,"{'chapter': 899, 'episode': 836}",New Giant Warrior Pirates,,,,,,
Goki,"{'chapter': 954, 'episode': 955}",,,,,,,
Glove,"{'chapter': 427, 'episode': 309}",Marines,,,,,,
Going Merry,"{'chapter': 41, 'episode': 17}",Straw Hat Pirates,,,0,,,
Gismonda,"{'chapter': 705, 'episode': 635}",CP0,,,,,,
Giovanni,"{'chapter': 809, 'episode': 758}",Mokomo Dukedom,Grand Line ,,6,,,
Gladius,"{'chapter': 682, 'episode': 608}",Donquixote Pirates,North Blue,,0,31,Pamu Pamu no Mi,Paramecia
Ginny,"{'chapter': 1095, 'episode': None}",,,,,,,
Giro Chintaro,"{'chapter': 909, 'episode': 892}",,,,,,,
Ginrummy,"{'chapter': 795, 'episode': 739}",Beasts Pirates,,,,,,Zoan
Giolla,"{'chapter': 682, 'episode': 608}",Donquixote Pirates,North Blue,,1,,Ato Ato no Mi,Paramecia
Ginnosuke,"{'chapter': 919, 'episode': 909}",,,,,,,
Gina,"{'chapter': 318, 'episode': 215}",Foxy Pirates,,,,,,
Ginko,"{'chapter': 682, 'episode': 608}",Punk Hazard,,,,,,
Gimlet,"{'chapter': 775, 'episode': 715}",,,,,,,
Gig,"{'chapter': 1024, 'episode': 1067}",Kid Pirates,,,,,,
Giberson,"{'chapter': 860, 'episode': 828}",Underworld,,The Concealer,,,,
Gerotini,"{'chapter': 1079, 'episode': None}",Puddle Pirates,,Ball Fingers,,,,
Gerd,"{'chapter': 866, 'episode': 836}",New Giant Warrior Pirates,Grand Line ,,0,,,
George Mach,"{'chapter': 313, 'episode': 217}",Foxy Pirates,,,,,,
Genbo,"{'chapter': 249, 'episode': 163}",Shandia,Sky Islands ,,3,,,
Genrin,"{'chapter': 940, 'episode': 937}",,,,,,,
Genzo,"{'chapter': 71, 'episode': 32}",Cocoyasi Village,East Blue ,,3,,,
Gatherine,"{'chapter': 379, 'episode': 266}",World Government,,,,,,
Impel Down,"{'chapter': 525, 'episode': 422}",World Government,,,,,,
Ganryu,"{'chapter': 966, 'episode': 968}",Roger Pirates,,,,,,
Ganryu,"{'chapter': 552, 'episode': 461}",Spade Pirates,,,,,,
Gancho,"{'chapter': 711, 'episode': 641}",Tontatta Kingdom,,,,,,
Gambo,"{'chapter': 905, 'episode': 883}",Revolutionary Army,,,,,,
Gama Pyonnosuke,"{'chapter': 909, 'episode': 892}",,,,,,,
Galaxy,"{'chapter': 437, 'episode': None}",Automata,,,,,,
Gan Fall,"{'chapter': 237, 'episode': 153}",Skypiea,Grand Line ,Knight of the Sky,0,,,
Gambia,"{'chapter': 705, 'episode': 634}",Barto Club,,The Missionary,,67,,
Gally,"{'chapter': 902, 'episode': 48}",Gally Pirates,,Crescent-Moon Gally,,3,,
Galdino,"{'chapter': 117, 'episode': 70}",Cross Guild,South Blue,"Mr. 3,Loan Shark",9,24,Doru Doru no Mi,Paramecia
Gal,"{'chapter': 680, 'episode': 606}",Marines,,,,,,
Belly,"{'chapter': 1, 'episode': 4}",,,,,,,
Gaburu,"{'chapter': 702, 'episode': 921}",Unknown rebel group,,Revolution's Child,,,,
Gab,"{'chapter': 580, 'episode': 489}",Red Hair Pirates,,Howling,,,,
Fuza,"{'chapter': 241, 'episode': 155}",God's Army,,,,,,
Gaimon,"{'chapter': 22, 'episode': 18}",,East Blue,,0,,,
Furrari,"{'chapter': 906, 'episode': 884}",Levely,,,,,,
Funkfreed,"{'chapter': 365, 'episode': 254}",,,,,,Zou Zou no Mi,Zoan
Fukurokuju,"{'chapter': 931, 'episode': 925}",Kurozumi Family,Wano Country,,1,,,
Fujin,"{'chapter': 931, 'episode': 925}",Beasts Pirates,Wano Country,,0,,,
Fullbody,"{'chapter': 43, 'episode': 20}",Marines,North Blue,Double Ironfist Fullbody,4,,,
Fukurou,"{'chapter': 375, 'episode': 264}",CP0,Grand Line,Fukurou the Silent,1,,,
Fugetsu Omusubi,"{'chapter': 1024, 'episode': 1048}",,,,,,,
Fugar,"{'chapter': 1079, 'episode': None}",Social Club,,Memorial Blade,,,,
Fukaboshi,"{'chapter': 609, 'episode': 528}",Neptune Family,Grand Line ,,4,,,
Forliewbs,"{'chapter': 566, 'episode': None}",Whitebeard Pirates,,,,,,
Fuga,"{'chapter': 991, 'episode': 1055}",,,,,,,Zoan
Fossa,"{'chapter': 553, 'episode': 461}",Whitebeard Pirates,North Blue,,,,,
Forest Boss,"{'chapter': 333, 'episode': None}",Ukkari Hot-Spring Island,,,,,,
Francois,"{'chapter': 537, 'episode': 438}",,,,,,,
Fourtricks,"{'chapter': 994, 'episode': 982}",Beasts Pirates,,,,,,Zoan
Foxy,"{'chapter': 305, 'episode': 207}",Foxy Pirates,South Blue,Silver Fox,0,24,Noro Noro no Mi,Paramecia
Franky,"{'chapter': 329, 'episode': 233}",Straw Hat Pirates,South Blue,"Fra-nosuke,Iron Man",0,394,,
Flapper,"{'chapter': 711, 'episode': 641}",Tontatta Kingdom,,,,,,
Fillonce,"{'chapter': 608, 'episode': 527}",Mermaid CafÃ©,Grand Line ,,,,,
Fishbonen,"{'chapter': 594, 'episode': 511}",Marines,,,,,,
Finamore,"{'chapter': 552, 'episode': 461}",Spade Pirates,,,,,,
Fisher Tiger,"{'chapter': 521, 'episode': 415}",Sun Pirates,Grand Line ,The Adventurer,0,230,,
Faust,"{'chapter': 508, 'episode': 490}",Hawkins Pirates,North Blue,,,,,
Farul,"{'chapter': 722, 'episode': 634}",Beautiful PiratesStraw Hat Grand Fleet,,,,,,
Farafra,"{'chapter': 167, 'episode': 105}",Arabasta,,,,,,
Figarland Garling,"{'chapter': 1086, 'episode': None}",Figarland Family,,,,,,
Erik,"{'chapter': 167, 'episode': 105}",,,,,,,
Erio,"{'chapter': 967, 'episode': 959}",Roger Pirates,,,,,,
Ã‰poni,"{'chapter': 841, 'episode': 804}",Germa Kingdom,,,,,,
Epoida,"{'chapter': 553, 'episode': 467}",Whitebeard Pirates,,,,,,
Enishida,"{'chapter': 517, 'episode': 411}",Kuja,Calm Belt ,,,,,
Eikon,"{'chapter': 711, 'episode': 641}",Tontatta Tribe,,,,,,
Elizabello II,"{'chapter': 704, 'episode': 632}",Prodence Kingdom,Grand Line ,The Fighting King,6,,,
Enel,"{'chapter': 254, 'episode': 167}",Automata,Sky Islands ,God Enel,6,,Goro Goro no Mi,Logia
Emma,"{'chapter': 1071, 'episode': None}",Kid Pirates,,,,,,
Elmy,"{'chapter': 551, 'episode': 460}",Subordinate of the Whitebeard Pirates,,,,,,
Emporio Ivankov,"{'chapter': 537, 'episode': 438}",Revolutionary Army,Grand Line ,"Okama King,Miracle Person",9,100,Horu Horu no Mi,Paramecia
Eggplant Soldier,"{'chapter': 849, 'episode': 802}",Big Mom Pirates,,,,,,
Egana,"{'chapter': 483, 'episode': 375}",,,,,,,
Eiri,"{'chapter': 866, 'episode': 836}",,,,,,,
Edward Weevil,"{'chapter': 802, 'episode': 751}",,Grand Line,Whitebeard Jr.,0,480,,
Drug Peclo,"{'chapter': 860, 'episode': 828}",Underworld,,Major Undertaker,,,,
Drophy,"{'chapter': 160, 'episode': 103}",New Spiders Cafe,Grand Line,"Miss Merry Christmas,Town-Collapser",6,14,Mogu Mogu no Mi,Zoan
Drip,"{'chapter': 598, 'episode': 518}",Fake Straw Hat Crew,East Blue,,8,,,
Doran,"{'chapter': 657, 'episode': 583}",,,,,,,
Doringo,"{'chapter': 0, 'episode': 0}",Roger Pirates,,,,,,
Dragon Number Thirteen,"{'chapter': 655, 'episode': 579}",,,,,,,
Dosun,"{'chapter': 611, 'episode': 530}",New Fish-Man Pirates,Grand Line ,,8,,,
Donquixote Mjosgard,"{'chapter': 625, 'episode': 545}",,,,,,,
Dotaku,"{'chapter': 926, 'episode': 918}",Kozuki Family,,,,,,
Dracule Mihawk,"{'chapter': 49, 'episode': 23}",Cross Guild,,Hawk Eyes Mihawk,8,3,,
Donquixote Homing,"{'chapter': 760, 'episode': 699}",,,,,,,
Domino,"{'chapter': 526, 'episode': 422}",Impel Down,Grand Line,,,,,
Domo-kun and Nnke-kun,"{'chapter': 9, 'episode': None}",,,,,,,
Donovan,"{'chapter': 318, 'episode': None}",Foxy Pirates,,,,,,
Donquino,"{'chapter': 966, 'episode': 959}",Roger Pirates,,,,,,
Doll,"{'chapter': 1061, 'episode': 1090}",Marines,,,,,,
Donannoyo,"{'chapter': 926, 'episode': 919}",Beasts Pirates,,,,,,
Doma,"{'chapter': 551, 'episode': 460}",Subordinate of the Whitebeard Pirates,,Bohemian Knight,,,,
Donquixote Doflamingo,"{'chapter': 233, 'episode': 151}",Donquixote Pirates,Red Line ,"Joker,Heavenly Yaksha",5,340,Ito Ito no Mi,Paramecia
Dogya,"{'chapter': 552, 'episode': 461}",Spade Pirates,,,,,,
Dobby Ibadonbo,"{'chapter': 531, 'episode': 432}",,,,,,,
Dive,"{'chapter': 1024, 'episode': 1080}",Kid Pirates,,,,,,
Dogra,"{'chapter': 582, 'episode': 493}",Dadan Family,East Blue,,,,,
Disco,"{'chapter': 500, 'episode': 394}",,Grand Line,Walking Super Bazaar,,,,
Doc Q,"{'chapter': 223, 'episode': 146}",Blackbeard Pirates,North Blue,Death God,2,72,Shiku Shiku no Mi,Paramecia
Dobon,"{'chapter': 926, 'episode': 919}",Beasts Pirates,,,,,,Zoan
Doberman,"{'chapter': 420, 'episode': 302}",Marines,,,,,,
Disc J,"{'chapter': 1040, 'episode': 1079}",Kid Pirates,,,,,,
Diesel,"{'chapter': 827, 'episode': 786}",Big Mom Pirates,,,,,,
Diez Barrels,"{'chapter': 765, 'episode': 704}",Barrels Pirates,,,,,,
Dirt Boss,"{'chapter': 326, 'episode': None}",Ukkari Hot-Spring Island,,,,,,
Didit,"{'chapter': 585, 'episode': 496}",Goa Kingdom,,,,,,
Devil Dias,"{'chapter': 497, 'episode': 391}",Acumate Pirates,,,,60,,
Denjiro,"{'chapter': 919, 'episode': 909}",Kozuki Family,Grand Line ,"Kyoshiro,Dozing Kyoshiro",6,,,
Delacuaji,"{'chapter': 551, 'episode': 460}",Subordinate of the Whitebeard Pirates,,,,,,
Diamante,"{'chapter': 700, 'episode': 629}",Donquixote Pirates,North Blue,,5,99,Hira Hira no Mi,Paramecia
Demaro Black,"{'chapter': 598, 'episode': 517}",Fake Straw Hat Crew,East Blue,Three-Tongued,5,26,,
Den,"{'chapter': 616, 'episode': 534}",,Grand Line ,,5,,,
Dellinger,"{'chapter': 702, 'episode': 632}",Donquixote Pirates,North Blue,,5,15,,
Decalvan Brothers,"{'chapter': 551, 'episode': 460}",Subordinates of the Whitebeard Pirates,,,,,,
Daz Bonez,"{'chapter': 160, 'episode': 103}",Cross Guild,West Blue,"Mr. 1,The Killer",2,75,Supa Supa no Mi,Paramecia
Daisy,"{'chapter': 516, 'episode': 410}",Kuja,Calm Belt ,,,,,
Daruma,"{'chapter': 611, 'episode': 530}",New Fish-Man Pirates,Grand Line ,,2,,,
Damask,"{'chapter': 706, 'episode': 652}",,,,,,,
Dalton,"{'chapter': 132, 'episode': 79}",Sakura Kingdom,Grand Line ,,8,,"Ushi Ushi no Mi, Model: Bison",Zoan
Daikon,"{'chapter': 732, 'episode': 664}",Tontatta KingdomScouting UnitStraw Hat Grand Fleet,,,,,,
Dalmatian,"{'chapter': 553, 'episode': 462}",Marines,,,,,,
Daifugo,"{'chapter': 934, 'episode': 928}",Beasts Pirates,,,,,,Zoan
Dagama,"{'chapter': 704, 'episode': 632}",Prodence Kingdom,,,,,,
Daddy Dee,"{'chapter': 79, 'episode': 35}",World Government Orphanage,East Blue ,,,,,
Dachoman,"{'chapter': 940, 'episode': 937}",Beasts Pirates,,,,,,Zoan
Daidalos,"{'chapter': 630, 'episode': 550}",,Grand Line ,,,,,
Curiel,"{'chapter': 552, 'episode': 461}",Whitebeard Pirates,Grand Line,,,,,
Curly Dadan,"{'chapter': 440, 'episode': 324}",Dadan Family,East Blue,,1,7,,
Couran,"{'chapter': 906, 'episode': 884}",Levely,,,,,,
Cotton,"{'chapter': 718, 'episode': 648}",Tontatta Kingdom Scouting Unit,,,,,,
Cosmos,"{'chapter': 516, 'episode': 410}",Kuja,Calm Belt ,,,,,
Cosmo,"{'chapter': 437, 'episode': None}",Automata,,,,,,
Crocus,"{'chapter': 102, 'episode': 62}",,Grand Line,,3,,,
Crocodile,"{'chapter': 126, 'episode': 76}",Cross Guild,Grand Line,"Mr. 0,Sir Crocodile",3,1,Suna Suna no Mi,Logia
Cosette,"{'chapter': 839, 'episode': 800}",Germa Kingdom,,,,,,
Cornelia,"{'chapter': 552, 'episode': 461}",Spade Pirates,,,,,,
Conney,"{'chapter': 1099, 'episode': None}",,,,,,,
Conis,"{'chapter': 239, 'episode': 154}",Pumpkin Cafe,Grand Line ,,6,,,
Compo,"{'chapter': 1040, 'episode': 1066}",Kid Pirates,,,,,,
Coribou,"{'chapter': 600, 'episode': 519}",Caribou Pirates,North Blue,Blood-Splatterer,0,190,,
Comil,"{'chapter': 289, 'episode': 421}",Marines,,,,,,
Concelot,"{'chapter': 809, 'episode': 758}",Mokomo Dukedom,Grand Line ,,4,,,
Colscon,"{'chapter': 574, 'episode': None}",Whitebeard Pirates,,,,,,
Columbus,"{'chapter': 906, 'episode': None}",Yonta Maria Grand Fleet,,,,,,
Corgi,"{'chapter': 328, 'episode': 233}",World Government,,,,,,
Cocox,"{'chapter': 22, 'episode': 18}",Animals of the Island of Rare Animals,East Blue ,,,,,
Clione,"{'chapter': 810, 'episode': 757}",Heart Pirates,,,,,,
Cocoa,"{'chapter': 598, 'episode': 518}",Fake Straw Hat Crew,East Blue,,8,,,
Coburn,"{'chapter': 288, 'episode': 187}",Shandia,Jaya,,,,,
Clover,"{'chapter': 391, 'episode': 275}",Ohara Scholars,West Blue ,,2,,,
Clapp,"{'chapter': 1095, 'episode': None}",,South Blue ,,,,,
Chuji,"{'chapter': 1034, 'episode': 1061}",,,,,,,
Chuchun,"{'chapter': 306, 'episode': 209}",Foxy Pirates,,,,,,
Chouchou,"{'chapter': 12, 'episode': 6}",Hocker,East Blue ,,0,,,
Choco Police,"{'chapter': 827, 'episode': 786}",Cacao Island,,,,,,
Chocho,"{'chapter': 921, 'episode': 912}",,,,,,,
Cho,"{'chapter': 952, 'episode': 946}",,,Moonflower O-Cho,,,,
Choi,"{'chapter': 555, 'episode': 464}",Ally of the Whitebeard Pirates,,,,,,
Chocolat,"{'chapter': 598, 'episode': 517}",Fake Straw Hat Crew,East Blue,,1,,,
Chiya,"{'chapter': 287, 'episode': 187}",Shandia,Jaya,,,,,
Chihaya,"{'chapter': 919, 'episode': 909}",,,,,,,
Chicken,"{'chapter': 1, 'episode': 505}",,East Blue ,,,,,
Chicory,"{'chapter': 738, 'episode': 672}",Tontatta Tribe,,,,,,
Chimney,"{'chapter': 322, 'episode': 229}",Kokoro,Grand Line ,,5,,,
Chichilisia,"{'chapter': 879, 'episode': None}",,,,,,,
Chew,"{'chapter': 69, 'episode': 31}",Arlong Pirates,Grand Line ,,7,5,,
Chessmarimo,"{'chapter': 147, 'episode': 87}","Bliking Pirates, Drum Kingdom",,,,,,
Chess,"{'chapter': 131, 'episode': 78}",,Grand Line ,,4,,,
Chesskippa,"{'chapter': 398, 'episode': 278}",,,Chesskippa the Hanger-on,,,,
Charlotte Yuen,"{'chapter': 894, 'episode': 869}",Charlotte Family,,,,,,
Charlotte Zuccotto,"{'chapter': 862, 'episode': 832}",Charlotte Family,,,,,,
Chome,"{'chapter': 931, 'episode': 925}",Beasts Pirates,Wano Country,,0,,,
Charlotte Saint-Marc,"{'chapter': 862, 'episode': 832}",Charlotte Family,,,,,,
Charlotte Wiro,"{'chapter': 845, 'episode': 809}",Charlotte Family,,,,,,
Charlotte Wafers,"{'chapter': 845, 'episode': 809}",Charlotte Family,,,,,,
Charlotte Tablet,"{'chapter': 862, 'episode': 832}",Charlotte Family,,,,,,
Charlotte Snack,"{'chapter': 894, 'episode': 798}",Charlotte Family,,,,600,,
Charlotte Smoothie,"{'chapter': 846, 'episode': 812}",Charlotte Family,Grand Line ,,4,932,Shibo Shibo no Mi,Paramecia
Charlotte Raisin,"{'chapter': 845, 'episode': 809}",Charlotte Family,,,,,,
Charlotte Pudding,"{'chapter': 651, 'episode': 571}",Charlotte Family,Grand Line ,,6,,Memo Memo no Mi,Paramecia
Charlotte Poire,"{'chapter': 860, 'episode': 830}",Charlotte Family,,,,,,
Charlotte Prim,"{'chapter': 896, 'episode': 871}",Charlotte Family,Grand Line ,,,,,
Charlotte Praline,"{'chapter': 830, 'episode': 790}",Sun Pirates,Grand Line ,,0,,,
Charlotte Nusstorte,"{'chapter': 854, 'episode': 822}",Charlotte Family,,,,,,
Charlotte Nougat,"{'chapter': 894, 'episode': 869}",Charlotte Family,,,,,,
Charlotte Opera,"{'chapter': 829, 'episode': 789}",Charlotte Family,,,,,Kuri Kuri no Mi,Paramecia
Charlotte Panna,"{'chapter': 897, 'episode': None}",Charlotte Family,,,,,,
Charlotte Normande,"{'chapter': 845, 'episode': 809}",Charlotte Family,,,,,,
Charlotte Noisette,"{'chapter': 862, 'episode': 832}",Charlotte Family,,,,,,
Charlotte Perospero,"{'chapter': 834, 'episode': 795}",Charlotte Family,Grand Line ,,3,700,Pero Pero no Mi,Paramecia
Charlotte Oven,"{'chapter': 861, 'episode': 827}",Charlotte Family,Grand Line ,,2,300,Netsu Netsu no Mi,Paramecia
Charlotte Montb,"{'chapter': 897, 'episode': 873}",Charlotte Family,,,,,,
Charlotte Mozart,"{'chapter': 862, 'episode': 831}",Charlotte Family,,,,,,
Charlotte Mobile,"{'chapter': 862, 'episode': 832}",Charlotte Family,,,,,,
Charlotte Moscato,"{'chapter': 829, 'episode': 788}",Charlotte Family,,,,,,
Charlotte MondÃ©e,"{'chapter': 854, 'episode': 822}",Charlotte Family,,,,,,
Charlotte Mont-d'Or,"{'chapter': 829, 'episode': 789}",Charlotte Family,Grand Line ,Scribe,0,120,Buku Buku no Mi,Paramecia
Charlotte Mash,"{'chapter': 865, 'episode': 831}",Charlotte Family,,,,,,
Charlotte Melise,"{'chapter': 854, 'episode': None}",Charlotte Family,,,,,,
Charlotte Mascarpone,"{'chapter': 845, 'episode': 809}",Charlotte Family,,,,,,
Charlotte Marnier,"{'chapter': 861, 'episode': 834}",Charlotte Family,,,,,,
Charlotte Marble,"{'chapter': 894, 'episode': 869}",Charlotte Family,,,,,,
Charlotte Maple,"{'chapter': 897, 'episode': None}",Charlotte Family,,,,,,
Charlotte Laurin,"{'chapter': 864, 'episode': 834}",Charlotte Family,,,,,,
Charlotte Linlin,"{'chapter': 651, 'episode': 571}",Big Mom Pirates,Grand Line,"O-Lin,Big Mom",0,4,Soru Soru no Mi,Paramecia
Charlotte Kanten,"{'chapter': 862, 'episode': 839}",Charlotte Family,,,,,,
Charlotte Lola,"{'chapter': 476, 'episode': 370}",Rolling Pirates,Grand Line ,Marriage Proposal Lola,5,24,,
Charlotte Joscarpone,"{'chapter': 845, 'episode': 809}",Charlotte Family,,,,,,
Charlotte Joconde,"{'chapter': 894, 'episode': 869}",Charlotte Family,,,,,,
Charlotte Kato,"{'chapter': 854, 'episode': 822}",Charlotte Family,,,,,,
Charlotte Katakuri,"{'chapter': 860, 'episode': 825}",Charlotte Family,Grand Line ,,9,1,Mochi Mochi no Mi,Paramecia
Charlotte HachÃ©e,"{'chapter': 871, 'episode': None}",Charlotte Family,,,,,,
Charlotte EffilÃ©e,"{'chapter': 864, 'episode': 831}",Charlotte Family,,,,,,
Charlotte Dolce and DragÃ©e,"{'chapter': 845, 'episode': 809}",Charlotte Family,,,,,,
Charlotte High-Fat,"{'chapter': 862, 'episode': 832}",Charlotte Family,,,,,,
Charlotte Flampe,"{'chapter': 891, 'episode': 865}",Charlotte Family,Grand Line ,,0,,,
Charlotte Galette,"{'chapter': 829, 'episode': 789}",Charlotte Family,,,,,Bata Bata no Mi,Paramecia
Charlotte Dosmarche,"{'chapter': 861, 'episode': 832}",Charlotte Family,,,,,,
Charlotte De-Chat,"{'chapter': 845, 'episode': 809}",Charlotte Family,,,,,,
Charlotte Dacquoise,"{'chapter': 854, 'episode': 822}",Charlotte Family,,,,,,
Charlotte Custard,"{'chapter': 862, 'episode': 831}",Charlotte Family,Grand Line ,,,,,
Charlotte Counter,"{'chapter': 845, 'episode': 809}",Charlotte Family,,,,,,
Charlotte Cornstarch,"{'chapter': 865, 'episode': 841}",Charlotte Family,,,,,,
Charlotte Daifuku,"{'chapter': 861, 'episode': 826}",Charlotte Family,Grand Line ,,9,300,Hoya Hoya no Mi,Paramecia
Charlotte Cracker,"{'chapter': 835, 'episode': 796}",Charlotte Family,Grand Line ,Thousand Arms Cracker,7,860,Bisu Bisu no Mi,Paramecia
Charlotte Compote,"{'chapter': 860, 'episode': 830}",Charlotte Family,,,,,,
Charlotte Compo,"{'chapter': 864, 'episode': 834}",Charlotte Family,,,,,,
Charlotte Citron,"{'chapter': 861, 'episode': 833}",Charlotte Family,Grand Line ,,,,,
Charlotte Cinnamon,"{'chapter': 860, 'episode': 830}",Charlotte Family,Grand Line ,,,,,
Charlotte Chiboust,"{'chapter': 894, 'episode': 869}",Charlotte Family,,,,,,
Charlotte Chiffon,"{'chapter': 825, 'episode': 783}",Fire Tank Pirates,Grand Line ,,5,,,
Charlotte Brownie,"{'chapter': 845, 'episode': 809}",Charlotte Family,,,,,,
Charlotte BrÃ»lÃ©e,"{'chapter': 831, 'episode': 791}",Charlotte Family,Grand Line ,,0,,Mira Mira no Mi,Paramecia
Charlotte Cadenza,"{'chapter': 845, 'episode': 809}",Charlotte Family,,,,,,
Charlotte BroyÃ©,"{'chapter': 864, 'episode': 832}",Charlotte Family,Grand Line ,,,,,
Charlotte Cabaletta,"{'chapter': 845, 'episode': 809}",Charlotte Family,,,,,,
Charlotte Bavarois,"{'chapter': 888, 'episode': 861}",Charlotte Family,,,,,,
Charlotte Basskarte,"{'chapter': 860, 'episode': 830}",Charlotte Family,,,,,,
Charlotte Angel,"{'chapter': 860, 'episode': 830}",Charlotte Family,Grand Line ,,,,,
Charlotte Anglais,"{'chapter': 845, 'episode': 809}",Charlotte Family,,,,,,
Chappe,"{'chapter': 668, 'episode': 593}",Caesar Clown,,Rope-Tugging,,,,
Charlotte Amande,"{'chapter': 827, 'episode': 786}",Charlotte Family,,Demon Lady,,,,
Charlotte Decuplets,"{'chapter': 845, 'episode': 809}",Charlotte Family,,,,,,
Charlotte Anana,"{'chapter': 845, 'episode': 809}",Charlotte Family,,,,,,
Charlotte Basans,"{'chapter': 862, 'episode': 832}",Charlotte Family,,,,,,
Charlos,"{'chapter': 499, 'episode': 393}",World Government,Red Line ,,0,,,
Cerberus,"{'chapter': 444, 'episode': 339}",Thriller Bark Pirates,,,,,,
Chabo,"{'chapter': 69, 'episode': 31}",Nojiko's mikan farm,East Blue ,,,,,
Chadros Higelyges,"{'chapter': 581, 'episode': 490}",,Grand Line,"Brownbeard,Boss",1,80,,
Chaka,"{'chapter': 155, 'episode': 91}",Arabasta Kingdom,Grand Line ,Chaka the Jackal,3,,"Inu Inu no Mi, Model: Jackal",Zoan
Chao,"{'chapter': 738, 'episode': 671}",Tontatta Kingdom,,,,,,
Cezar,"{'chapter': 823, 'episode': 777}",Levely,,,,,,
CB Gallant,"{'chapter': 966, 'episode': 959}",Roger Pirates,,,,,,
Chap,"{'chapter': 823, 'episode': 777}",Levely,,,,,,
Catacombo,"{'chapter': 602, 'episode': 522}",Marines,,,,,,
Capote,"{'chapter': 306, 'episode': 209}",Foxy Pirates,,,,,,
Carrot,"{'chapter': 804, 'episode': 753}","Mokomo Dukedom, Inuarashi Musketeer Squad",Grand Line ,,1,,,
Catarina Devon,"{'chapter': 575, 'episode': 484}",Blackbeard Pirates,South Blue,Crescent Moon Hunter,1,,"Inu Inu no Mi, Model: Kyubi no Kitsune",Zoan
Carne,"{'chapter': 45, 'episode': 21}",Baratie,East Blue,,1,,,
Caribou,"{'chapter': 600, 'episode': 519}",Caribou Pirates,North Blue,Wet-Haired Caribou,8,210,Numa Numa no Mi,Logia
Candy,"{'chapter': 510, 'episode': None}",Candy Pirates,Grand Line,,,,,
Candre,"{'chapter': 557, 'episode': 466}",Marines,,,,,,
Cancer,"{'chapter': 96, 'episode': 151}",Marines,,,,,,
Camel,"{'chapter': 695, 'episode': 621}",Blackbeard Pirates,,,,,,
Capone Pez,"{'chapter': 834, 'episode': 795}",Fire Tank Pirates,,Gang,,,,
Capone Bege,"{'chapter': 498, 'episode': 392}",Fire Tank Pirates,West Blue,Gang,6,350,Shiro Shiro no Mi,Paramecia
Camie,"{'chapter': 195, 'episode': 385}","Takoyaki 8, Mermaid Cafe",Grand Line ,,7,,,
Caimanlady,"{'chapter': 1004, 'episode': 1020}",Beasts Pirates,,,,,,Zoan
Busshiri,"{'chapter': 391, 'episode': 275}",Ohara Archaeologists,,,,,,
Bushon,"{'chapter': 361, 'episode': 251}",,,,,,,
Byron,"{'chapter': 501, 'episode': 395}",,West Blue,,2,,,
Caesar Clown,"{'chapter': 658, 'episode': 581}",Germa Kingdom,Grand Line,"Cedar,Master",9,300,Gasu Gasu no Mi,Logia
Bunny Joe,"{'chapter': 546, 'episode': 455}",Revolutionary Army,,,,,,
Cabaji,"{'chapter': 9, 'episode': 7}",Cross Guild,East Blue,Cabaji the Acrobat,8,,,
Bunbuku,"{'chapter': 911, 'episode': 894}",,,,,,"Inu Inu no Mi, Model: Tanuki",Zoan
Bulldog,"{'chapter': 1099, 'episode': None}",,,,,,,
Buhichuck,"{'chapter': 446, 'episode': 340}",Thriller Bark Pirates,,,,,,
Building Snake,"{'chapter': 41, 'episode': 4}",Red Hair Pirates,,,,,,
Bungo,"{'chapter': 928, 'episode': 921}",,,,,,,
Brontosaurus,"{'chapter': 115, 'episode': None}",,Grand Line ,,,,,
Bubblegum,"{'chapter': 1029, 'episode': 1054}",Kid Pirates,,,,,,
Buffalo,"{'chapter': 692, 'episode': 618}",Donquixote Pirates,North Blue,,6,,Guru Guru no Mi,Paramecia
Buche,"{'chapter': 880, 'episode': 852}",WCI 31,,,,,,
Buggy,"{'chapter': 9, 'episode': 4}",Cross Guild,Grand Line,Buggy the Clown,0,3,Bara Bara no Mi,Paramecia
Buchi,"{'chapter': 31, 'episode': 13}",Black Cat Pirates,East Blue,Nyaban Brothers,6,7,,
Brook,"{'chapter': 442, 'episode': 337}",Straw Hat Pirates,West Blue,"Hone-kichi,The Starving Skeleton,Humming Brook,Soul King",7,383,Yomi Yomi no Mi,Paramecia
Brew,"{'chapter': 561, 'episode': 470}",Whitebeard Pirates,,,,,,
Brocca,"{'chapter': 561, 'episode': 470}",Whitebeard Pirates,,,,,,
Briscola,"{'chapter': 993, 'episode': 982}",Beasts Pirates,,,,,,Zoan
Brannew,"{'chapter': 96, 'episode': 45}",Marines,Grand Line,,0,,,
Braham,"{'chapter': 249, 'episode': 163}",Shandia,Sky Islands ,,9,,,
Super Spot-Billed Duck Troops,"{'chapter': 180, 'episode': 111}",Arabasta,,,,,,
Boodle,"{'chapter': 12, 'episode': 6}",,East Blue ,,2,,,
Boogie,"{'chapter': 1038, 'episode': 1065}",Kid Pirates,,,,,,
Bomba,"{'chapter': 711, 'episode': 641}",Tontatta Kingdom,,,,,,
Bomba,"{'chapter': 652, 'episode': 589}",Marines,,,,,,
Bongo,"{'chapter': 928, 'episode': 921}",,,,,,,
Bogard,"{'chapter': 92, 'episode': 68}",,,,,,,
Boo,"{'chapter': 704, 'episode': 632}",Happo Navy,,,,,,
Bobomba,"{'chapter': 711, 'episode': 641}",Tontatta Kingdom,,,,,,
Bonk Punch,"{'chapter': 1, 'episode': 4}",Red Hair Pirates,,,,,,
Bobby Funk,"{'chapter': 704, 'episode': 632}",Mogaro Kingdom,Grand Line ,,0,36,,
Bobbin,"{'chapter': 651, 'episode': 571}",Big Mom Pirates,,Sweeper,,105,,
Blumarine,"{'chapter': 967, 'episode': 959}",Roger Pirates,,,,,,
Bluegrass,"{'chapter': 1089, 'episode': None}",Marines,,,,,Nori Nori no Mi,Paramecia
Boa Sandersonia,"{'chapter': 516, 'episode': 409}",,Calm Belt ,,3,40,"Hebi Hebi no Mi, Model: Anaconda",Zoan
Bluejam,"{'chapter': 584, 'episode': 494}",Bluejam Pirates,East Blue ,,1,14,,
Boa Hancock,"{'chapter': 516, 'episode': 409}",,Calm Belt ,"Snake Princess,Pirate Empress",1,1,Mero Mero no Mi,Paramecia
Blueno,"{'chapter': 325, 'episode': 230}",CP0,North Blue,,8,,Doa Doa no Mi,Paramecia
Blue Gilly,"{'chapter': 706, 'episode': 636}",Ideo Pirates,Grand Line,,4,,,
Boa Marigold,"{'chapter': 516, 'episode': 409}",,Calm Belt ,,2,40,"Hebi Hebi no Mi, Model: King Cobra",Zoan
Blue Fan,"{'chapter': 516, 'episode': 410}",Kuja,Calm Belt ,,,,,
Blondie,"{'chapter': 558, 'episode': 468}",Subordinate of the Whitebeard Pirates,,,,,,
Biyo,"{'chapter': 658, 'episode': 583}",,,,,,,
Blenheim,"{'chapter': 553, 'episode': 461}",Whitebeard Pirates,Grand Line,,,,,
Bizarre,"{'chapter': 553, 'episode': 468}",Subordinate of the Whitebeard Pirates,,,,,,
Blackback,"{'chapter': 805, 'episode': 754}",Mokomo Dukedom,,,,,,
Bishamon,"{'chapter': 931, 'episode': 925}",Beasts Pirates,Wano Country,,2,,,
Blamenco,"{'chapter': 553, 'episode': 461}",Whitebeard Pirates,South Blue,,,,Poke Poke no Mi,Paramecia
Bingo,"{'chapter': 928, 'episode': 921}",,,,,,,
Black Maria,"{'chapter': 977, 'episode': 982}",,Wano Country,,0,480,"Kumo Kumo no Mi, Model: Rosamygale Grauvogeli",Zoan
Bimine,"{'chapter': 657, 'episode': None}",,,,,,,
Bian,"{'chapter': 717, 'episode': 647}",Tontatta Kingdom,,,,,"Mushi Mushi no Mi, Model: Suzumebachi",Zoan
Bepo,"{'chapter': 498, 'episode': 392}",Heart Pirates,Zou,,0,500,,
Bellett,"{'chapter': 537, 'episode': 439}",,,,,,,
Benn Beckman,"{'chapter': 1, 'episode': 4}",Red Hair Pirates,North Blue,,6,,,
Bell-mÃ¨re,"{'chapter': 77, 'episode': 32}",,East Blue ,,6,,,
Bentham,"{'chapter': 129, 'episode': 78}",Newkama Land,East Blue,"Mr. 2 Bon Kurei,Bentham of the Wild",8,32,Mane Mane no Mi,Paramecia
Bellamy,"{'chapter': 222, 'episode': 146}",,,"Bellamy the Hyena,Deadly Bullet of Dressrosa,The Big-Time Rookie",0,195,Bane Bane no Mi,Paramecia
Bekori,"{'chapter': 1097, 'episode': None}",,,,,,,
Beer VI,"{'chapter': 823, 'episode': 777}",,,,,,,
Baxcon,"{'chapter': 718, 'episode': 648}",Tontatta Kingdom Scouting Unit,,,,,,
Batman,"{'chapter': 914, 'episode': 900}",Beasts Pirates,,,,,,Zoan
Belo Betty,"{'chapter': 904, 'episode': 880}",,East Blue,,6,457,Kobu Kobu no Mi,Paramecia
Batchee,"{'chapter': 43, 'episode': 20}",,East Blue,,,,,
Belladonna,"{'chapter': 514, 'episode': 408}",Kuja,Calm Belt ,,,,,
Basilisk,"{'chapter': 528, 'episode': 425}","World Government, Impel Down",West Blue,,,,,
Barry,"{'chapter': 552, 'episode': 461}",Spade Pirates,,,,,,
Bastille,"{'chapter': 553, 'episode': 462}",Marines,Grand Line,Shark Cutter,1,,,
Bartolomeo,"{'chapter': 705, 'episode': 633}",Barto Club,East Blue,Bartolomeo the Cannibal,0,200,Bari Bari no Mi,Paramecia
Basil Hawkins,"{'chapter': 498, 'episode': 392}",Hawkins Pirates,North Blue,Magician,0,320,Wara Wara no Mi,Paramecia
Bariete,"{'chapter': 804, 'episode': 753}",Ninja-Pirate-Mink-Samurai Alliance,,,,,,
Banzaburo,"{'chapter': 960, 'episode': 960}",Kozuki Family,,,,,,
"Gyoro, Nin, and Bao","{'chapter': 449, 'episode': 343}",Thriller Bark Pirates,,,,,,
Bao Huang,"{'chapter': 979, 'episode': 985}",Beasts Pirates,,,,,,Zoan
Banshee,"{'chapter': 552, 'episode': 461}",Spade Pirates,,,,,,
Baggaley,"{'chapter': 561, 'episode': 489}",Whitebeard Pirates,,,,,,
Ban DedessinÃ©e,"{'chapter': 823, 'episode': 777}",Levely,East Blue,,,,,
Banchi,"{'chapter': 114, 'episode': 67}",Baroque Works,West Blue,,,,,
Bankuro,"{'chapter': 967, 'episode': 959}",Roger Pirates,,,,,,
Banchina,"{'chapter': 41, 'episode': 17}",,East Blue ,,,,,
Bakezo,"{'chapter': 668, 'episode': 594}",Marines,,,,,,
Bacura,"{'chapter': 516, 'episode': 410}",Kuja,Calm Belt ,,,,,
Attach,"{'chapter': 436, 'episode': 139}",World Economy News Paper,,Flaming Attachan,,,,
Azuki,"{'chapter': 940, 'episode': 936}",,,,,,,
Baby 5,"{'chapter': 682, 'episode': 608}",Happo Navy,North Blue,,1,,Buki Buki no Mi,Paramecia
Babanuki,"{'chapter': 934, 'episode': 930}",Beasts Pirates,,,,,,Zoan
Babe,"{'chapter': 160, 'episode': 103}",New Spiders Cafe,Grand Line,"Mr. 4,Catcher-Killing",8,3,,
Avalo Pizarro,"{'chapter': 575, 'episode': 484}",Blackbeard Pirates,North Blue,Corrupt King,5,,Shima Shima no Mi,Paramecia
Atmos,"{'chapter': 553, 'episode': 461}",Whitebeard Pirates,West Blue,Water Buffalo,,,,
Atlas,"{'chapter': 1062, 'episode': 1091}",,,,,,,
Atagoyama,"{'chapter': 915, 'episode': 902}",,,,,,,
Asashichi,"{'chapter': 930, 'episode': 924}",,,,,,,
Amadob,"{'chapter': 558, 'episode': 467}",Ally of the Whitebeard Pirates,,,,,,
Aswa,"{'chapter': 163, 'episode': 100}",Neutral civilian,,,,,,
Alvida,"{'chapter': 2, 'episode': 1}",Cross Guild,East Blue,Iron Mace,8,5,Sube Sube no Mi,Paramecia
Alpha,"{'chapter': 1100, 'episode': None}",CP8,,,,,,
Albion,"{'chapter': 600, 'episode': 519}",His own crew,,Gashed Albion,,92,,
Ally,"{'chapter': 658, 'episode': 583}",,,,,,,
Alice,"{'chapter': 487, 'episode': 381}",Galley-La Company,,,,,,
Alpacaman,"{'chapter': 934, 'episode': 929}",Beasts Pirates,,,,,,Zoan
Aladine,"{'chapter': 620, 'episode': 540}",Sun Pirates,Grand Line ,,7,,,
Akumai,"{'chapter': 129, 'episode': 78}",Baroque Works,Grand Line,,,,,
Akudai Kanzaburo,"{'chapter': 926, 'episode': 918}",,,,,,,
Akehende,"{'chapter': 548, 'episode': 451}",,,,,,,
Ahiru,"{'chapter': 905, 'episode': 883}",Revolutionary Army,,,,,,
Ahho Zurako,"{'chapter': 587, 'episode': 501}",,,,,,,
Aisa,"{'chapter': 249, 'episode': 161}",Shandia,Sky Islands ,,0,,,
Agsilly,"{'chapter': 578, 'episode': 487}",Ally of the Whitebeard Pirates,,,,,,
Ahho Desunen IX,"{'chapter': 587, 'episode': 501}",,,,,,,
Agyo,"{'chapter': 706, 'episode': 652}",Corrida Colosseum,,,,,,
Agotogi,"{'chapter': 163, 'episode': 100}",His own bandit gang,,,,,,
Acilia,"{'chapter': 706, 'episode': 654}",Corrida Colosseum,,,,,,
Aggie 68,"{'chapter': 552, 'episode': 461}",Spade Pirates,,,,,,
Adele,"{'chapter': 608, 'episode': 527}",Mermaid CafÃ©,Grand Line ,,,,,
Abdullah,"{'chapter': 704, 'episode': 633}",Ideo Pirates,,,,,,
